Workbook

Sheet CAPACIDADE
A1: ETAPAS | B1: PEDIDOS EM CARTEIRA
B2: ESTRUTURA | C2: USINAGEM | D2: TAMBOR | E2: ROLOS | F2: BASES ROLETES | G2: REVESTIMENTO | H2: AXION | I2: CARGA TOTAL
A3: CARGA TOTAL PROGRAMADA
A4: PEDENTE DE FABRICAÇÃO
A6: PRONTO ACABADO
A7: PESO EXPEDIDO
A8: PEDENTE DE EXPEDIÇÃO
A9: CAPACIDADE (TON) | B9: 20 | C9: 10 | D9: 15 | E9: 8 | F9: 5 | G9: 7 | H9: 20 | I9: 0

Sheet MICRO
A1: DESENHO MDE | B1: DESENHO CLIENTE | C1: QTE | D1: DESCRIÇÃO | E1: COD.MDE | F1: REMESSA | G1: PESO UNI | H1: PESO TOTAL | I1: Revisão | J1: TAG | K1: PRODUTO | L1: PEDIDO | M1: Engenharia | N1: FORNECEDOR | O1: QTDE/ Fabricação | P1: DATA/Fabricação | Q1: SALDO PENDENTE/Fabricação | R1: EVOLUÇÃO PRETO / Fabricação (kg) | S1: PRONTO ACABADO kg | T1: Pendencia / Fabricação EM KG | U1: QIANTIDADE EXPEDIDA | V1: ROMANEIO | W1: DATA EXPEDIÇÃO | X1: Peso Expedido | Y1: QUANTIDADE PENDENTE/Expedição | Z1: PESO PENDENTE/Expedição | AA1: MATÉRIA PRIMA | AB1: RELATORIO | AC1: PREPARAÇÃO | AD1: CALDEIRARIA | AE1: SOLDA | AF1: ACABAMENTO | AG1: PRONTO ACABADO | AH1: EXPEDIÇÃO | AI1: FINALIZADO | AJ1: Coluna1 | AK1: Coluna2 | AL1: Coluna3 | AM1: Coluna4 | AN1: x | AO1: Colunas5 | AP1: Colunas6 | AQ1: Colunas7 | AR1: Coluna5 | AS1: PRONTO NO PRETO | AT1: PRONTO ACABADO3 | AU1: PESO EXPEDIDO2 | AV1: PRONTO ACABADO2 | AW1: Coluna7
A2: T-060864-1 | C2: 39 | D2: BASE DE ROLETE COMPLETA 60864A | E2: 3392 | F2: 8 | G2: 15.8 | H2: =Tabela1[[#This Row],[PESO UNI]]*Tabela1[[#This Row],[QTE]] -> 616.2 | I2: 0 | J2: 1073-TC-006 | K2: BASES ROLETES | L2: P-188 | M2: 46100 | N2: MDE | Q2: =Tabela1[[#This Row],[QTDE/ Fabricação]]-Tabela1[[#This Row],[QTE]] -> -39 | R2: =IFERROR(H2*((AA2*0.25)+(AC2*0.25)+(AD2*0.225)+(AE2*0.225)+(AF2*0.05)),"") -> 616.2 | S2: =IFERROR(H2*AG2,"") -> 616.2 | T2: =IFERROR(S2-H2,"") -> 0 | U2: =IFERROR(SUMIF('LISTA DE EMBARQUE'!B:B,MICRO!E:E,'LISTA DE EMBARQUE'!G:G),"") -> 38 | V2: =IFERROR(VLOOKUP(Tabela1[[#This Row],[COD.MDE]],'LISTA DE EMBARQUE'!B:L,11,0),"") -> 1 | W2: =IFERROR(VLOOKUP(Tabela1[[#This Row],[COD.MDE]],'LISTA DE EMBARQUE'!B:M,12,0),"") -> 46146 | X2: =IFERROR(Tabela1[[#This Row],[QIANTIDADE EXPEDIDA]]*Tabela1[[#This Row],[PESO UNI]],"") -> 600.4 | Y2: =U2-C2 -> -1 | Z2: =Tabela1[[#This Row],[PESO TOTAL]]-Tabela1[[#This Row],[Peso Expedido]] -> 15.8 | AA2: 1 | AB2: 1 | AC2: 1 | AD2: 1 | AE2: 1 | AF2: 1 | AG2: 1 | AH2: 1 | AI2: OK | AK2: =Tabela1[[#This Row],[Coluna1]]&Tabela1[[#This Row],[PEDIDO]] -> P-188 | AO2: =A2&"/"&J2 -> T-060864-1/1073-TC-006 | AP2: =Tabela1[[#This Row],[TAG]]&Tabela1[[#This Row],[PEDIDO]]&Tabela1[[#This Row],[PRODUTO]] -> 1073-TC-006P-188BASES ROLETES | AQ2: =Tabela1[[#This Row],[PRODUTO]]&Tabela1[[#This Row],[TAG]] -> BASES ROLETES1073-TC-006 | AR2: =Tabela1[[#This Row],[PEDIDO]]&Tabela1[[#This Row],[PRODUTO]] -> P-188BASES ROLETES | AS2: =IF(AF2="",0,IF(ISTEXT(AF2),H2*VALUE(SUBSTITUTE(AF2,"%",""))/100,H2*AF2))-Tabela1[[#This Row],[PRONTO ACABADO2]] -> 0 | AT2: =IF(AG2="",0,IF(ISTEXT(AG2),H2*VALUE(SUBSTITUTE(AG2,"%",""))/100,H2*AG2))-Tabela1[[#This Row],[PESO EXPEDIDO2]] -> 0 | AU2: =IF(AH2="",0,IF(ISTEXT(AH2),H2*VALUE(SUBSTITUTE(AH2,"%",""))/100,H2*AH2)) -> 616.2 | AV2: =IF(AG2="",0,IF(ISTEXT(AG2),H2*VALUE(SUBSTITUTE(AG2,"%",""))/100,H2*AG2)) -> 616.2
A3: T-060864-1 | C3: 39 | D3: BASE DE ROLETE COMPLETA 60864A | E3: 3393 | F3: 8 | G3: 15.8 | H3: =Tabela1[[#This Row],[PESO UNI]]*Tabela1[[#This Row],[QTE]] -> 616.2 | I3: 0 | J3: 1073-TC-007 | K3: BASES ROLETES | L3: P-188 | M3: 46100 | N3: MDE | Q3: =Tabela1[[#This Row],[QTDE/ Fabricação]]-Tabela1[[#This Row],[QTE]] -> -39 | R3: =IFERROR(H3*((AA3*0.25)+(AC3*0.25)+(AD3*0.225)+(AE3*0.225)+(AF3*0.05)),"") -> 616.2 | S3: =IFERROR(H3*AG3,"") -> 616.2 | T3: =IFERROR(S3-H3,"") -> 0 | U3: =IFERROR(SUMIF('LISTA DE EMBARQUE'!B:B,MICRO!E:E,'LISTA DE EMBARQUE'!G:G),"") -> 38 | V3: =IFERROR(VLOOKUP(Tabela1[[#This Row],[COD.MDE]],'LISTA DE EMBARQUE'!B:L,11,0),"") -> 1 | W3: =IFERROR(VLOOKUP(Tabela1[[#This Row],[COD.MDE]],'LISTA DE EMBARQUE'!B:M,12,0),"") -> 46146 | X3: =IFERROR(Tabela1[[#This Row],[QIANTIDADE EXPEDIDA]]*Tabela1[[#This Row],[PESO UNI]],"") -> 600.4 | Y3: =U3-C3 -> -1 | Z3: =Tabela1[[#This Row],[PESO TOTAL]]-Tabela1[[#This Row],[Peso Expedido]] -> 15.8 | AA3: 1 | AB3: 1 | AC3: 1 | AD3: 1 | AE3: 1 | AF3: 1 | AG3: 1 | AH3: 1 | AI3: OK | AK3: =Tabela1[[#This Row],[Coluna1]]&Tabela1[[#This Row],[PEDIDO]] -> P-188 | AO3: =A3&"/"&J3 -> T-060864-1/1073-TC-007 | AP3: =Tabela1[[#This Row],[TAG]]&Tabela1[[#This Row],[PEDIDO]]&Tabela1[[#This Row],[PRODUTO]] -> 1073-TC-007P-188BASES ROLETES | AQ3: =Tabela1[[#This Row],[PRODUTO]]&Tabela1[[#This Row],[TAG]] -> BASES ROLETES1073-TC-007 | AR3: =Tabela1[[#This Row],[PEDIDO]]&Tabela1[[#This Row],[PRODUTO]] -> P-188BASES ROLETES | AS3: =IF(AF3="",0,IF(ISTEXT(AF3),H3*VALUE(SUBSTITUTE(AF3,"%",""))/100,H3*AF3))-Tabela1[[#This Row],[PRONTO ACABADO2]] -> 0 | AT3: =IF(AG3="",0,IF(ISTEXT(AG3),H3*VALUE(SUBSTITUTE(AG3,"%",""))/100,H3*AG3))-Tabela1[[#This Row],[PESO EXPEDIDO2]] -> 0 | AU3: =IF(AH3="",0,IF(ISTEXT(AH3),H3*VALUE(SUBSTITUTE(AH3,"%",""))/100,H3*AH3)) -> 616.2 | AV3: =IF(AG3="",0,IF(ISTEXT(AG3),H3*VALUE(SUBSTITUTE(AG3,"%",""))/100,H3*AG3)) -> 616.2
A4: T-060860-1 | C4: 1 | D4: BASE DE ROLETE P/ BALANÇA 60860A | E4: 3394 | F4: 8 | G4: 19.2 | H4: =Tabela1[[#This Row],[PESO UNI]]*Tabela1[[#This Row],[QTE]] -> 19.2 | I4: 0 | J4: 1073-TC-006 | K4: BASES ROLETES | L4: P-188 | M4: 46100 | N4: MDE | Q4: =Tabela1[[#This Row],[QTDE/ Fabricação]]-Tabela1[[#This Row],[QTE]] -> -1 | R4: =IFERROR(H4*((AA4*0.25)+(AC4*0.25)+(AD4*0.225)+(AE4*0.225)+(AF4*0.05)),"") -> 19.2 | S4: =IFERROR(H4*AG4,"") -> 19.2 | T4: =IFERROR(S4-H4,"") -> 0 | U4: =IFERROR(SUMIF('LISTA DE EMBARQUE'!B:B,MICRO!E:E,'LISTA DE EMBARQUE'!G:G),"") -> 1 | V4: =IFERROR(VLOOKUP(Tabela1[[#This Row],[COD.MDE]],'LISTA DE EMBARQUE'!B:L,11,0),"") -> 1 | W4: =IFERROR(VLOOKUP(Tabela1[[#This Row],[COD.MDE]],'LISTA DE EMBARQUE'!B:M,12,0),"") -> 46146 | X4: =IFERROR(Tabela1[[#This Row],[QIANTIDADE EXPEDIDA]]*Tabela1[[#This Row],[PESO UNI]],"") -> 19.2 | Y4: =U4-C4 -> 0 | Z4: =Tabela1[[#This Row],[PESO TOTAL]]-Tabela1[[#This Row],[Peso Expedido]] -> 0 | AA4: 1 | AB4: 1 | AC4: 1 | AD4: 1 | AE4: 1 | AF4: 1 | AG4: 1 | AH4: 1 | AI4: =IF(Z4<=0,"ok","") -> ok | AK4: =Tabela1[[#This Row],[Coluna1]]&Tabela1[[#This Row],[PEDIDO]] -> P-188 | AO4: =A4&"/"&J4 -> T-060860-1/1073-TC-006 | AP4: =Tabela1[[#This Row],[TAG]]&Tabela1[[#This Row],[PEDIDO]]&Tabela1[[#This Row],[PRODUTO]] -> 1073-TC-006P-188BASES ROLETES | AQ4: =Tabela1[[#This Row],[PRODUTO]]&Tabela1[[#This Row],[TAG]] -> BASES ROLETES1073-TC-006 | AR4: =Tabela1[[#This Row],[PEDIDO]]&Tabela1[[#This Row],[PRODUTO]] -> P-188BASES ROLETES | AS4: =IF(AF4="",0,IF(ISTEXT(AF4),H4*VALUE(SUBSTITUTE(AF4,"%",""))/100,H4*AF4))-Tabela1[[#This Row],[PRONTO ACABADO2]] -> 0 | AT4: =IF(AG4="",0,IF(ISTEXT(AG4),H4*VALUE(SUBSTITUTE(AG4,"%",""))/100,H4*AG4))-Tabela1[[#This Row],[PESO EXPEDIDO2]] -> 0 | AU4: =IF(AH4="",0,IF(ISTEXT(AH4),H4*VALUE(SUBSTITUTE(AH4,"%",""))/100,H4*AH4)) -> 19.2 | AV4: =IF(AG4="",0,IF(ISTEXT(AG4),H4*VALUE(SUBSTITUTE(AG4,"%",""))/100,H4*AG4)) -> 19.2
A5: T-060860-1 | C5: 1 | D5: BASE DE ROLETE P/ BALANÇA 60860A | E5: 3395 | F5: 8 | G5: 19.2 | H5: =Tabela1[[#This Row],[PESO UNI]]*Tabela1[[#This Row],[QTE]] -> 19.2 | I5: 0 | J5: 1073-TC-007 | K5: BASES ROLETES | L5: P-188 | M5: 46100 | N5: MDE | Q5: =Tabela1[[#This Row],[QTDE/ Fabricação]]-Tabela1[[#This Row],[QTE]] -> -1 | R5: =IFERROR(H5*((AA5*0.25)+(AC5*0.25)+(AD5*0.225)+(AE5*0.225)+(AF5*0.05)),"") -> 19.2 | S5: =IFERROR(H5*AG5,"") -> 19.2 | T5: =IFERROR(S5-H5,"") -> 0 | U5: =IFERROR(SUMIF('LISTA DE EMBARQUE'!B:B,MICRO!E:E,'LISTA DE EMBARQUE'!G:G),"") -> 1 | V5: =IFERROR(VLOOKUP(Tabela1[[#This Row],[COD.MDE]],'LISTA DE EMBARQUE'!B:L,11,0),"") -> 1 | W5: =IFERROR(VLOOKUP(Tabela1[[#This Row],[COD.MDE]],'LISTA DE EMBARQUE'!B:M,12,0),"") -> 46146 | X5: =IFERROR(Tabela1[[#This Row],[QIANTIDADE EXPEDIDA]]*Tabela1[[#This Row],[PESO UNI]],"") -> 19.2 | Y5: =U5-C5 -> 0 | Z5: =Tabela1[[#This Row],[PESO TOTAL]]-Tabela1[[#This Row],[Peso Expedido]] -> 0 | AA5: 1 | AB5: 1 | AC5: 1 | AD5: 1 | AE5: 1 | AF5: 1 | AG5: 1 | AH5: 1 | AI5: =IF(Z5<=0,"ok","") -> ok | AK5: =Tabela1[[#This Row],[Coluna1]]&Tabela1[[#This Row],[PEDIDO]] -> P-188 | AO5: =A5&"/"&J5 -> T-060860-1/1073-TC-007 | AP5: =Tabela1[[#This Row],[TAG]]&Tabela1[[#This Row],[PEDIDO]]&Tabela1[[#This Row],[PRODUTO]] -> 1073-TC-007P-188BASES ROLETES | AQ5: =Tabela1[[#This Row],[PRODUTO]]&Tabela1[[#This Row],[TAG]] -> BASES ROLETES1073-TC-007 | AR5: =Tabela1[[#This Row],[PEDIDO]]&Tabela1[[#This Row],[PRODUTO]] -> P-188BASES ROLETES | AS5: =IF(AF5="",0,IF(ISTEXT(AF5),H5*VALUE(SUBSTITUTE(AF5,"%",""))/100,H5*AF5))-Tabela1[[#This Row],[PRONTO ACABADO2]] -> 0 | AT5: =IF(AG5="",0,IF(ISTEXT(AG5),H5*VALUE(SUBSTITUTE(AG5,"%",""))/100,H5*AG5))-Tabela1[[#This Row],[PESO EXPEDIDO2]] -> 0 | AU5: =IF(AH5="",0,IF(ISTEXT(AH5),H5*VALUE(SUBSTITUTE(AH5,"%",""))/100,H5*AH5)) -> 19.2 | AV5: =IF(AG5="",0,IF(ISTEXT(AG5),H5*VALUE(SUBSTITUTE(AG5,"%",""))/100,H5*AG5)) -> 19.2
A6: T-052878-1 | C6: 4 | D6: BASE PARA ROLO DE PROTEÇÃO 52878A | E6: 3396 | F6: 8 | G6: 2.7 | H6: =Tabela1[[#This Row],[PESO UNI]]*Tabela1[[#This Row],[QTE]] -> 10.8 | I6: 1 | J6: 1073-TC-006 | K6: BASES ROLETES | L6: P-188 | M6: 46100 | N6: MDE | Q6: =Tabela1[[#This Row],[QTDE/ Fabricação]]-Tabela1[[#This Row],[QTE]] -> -4 | R6: =IFERROR(H6*((AA6*0.25)+(AC6*0.25)+(AD6*0.225)+(AE6*0.225)+(AF6*0.05)),"") -> 10.8 | S6: =IFERROR(H6*AG6,"") -> 10.8 | T6: =IFERROR(S6-H6,"") -> 0 | U6: =IFERROR(SUMIF('LISTA DE EMBARQUE'!B:B,MICRO!E:E,'LISTA DE EMBARQUE'!G:G),"") -> 4 | V6: =IFERROR(VLOOKUP(Tabela1[[#This Row],[COD.MDE]],'LISTA DE EMBARQUE'!B:L,11,0),"") -> 1 | W6: =IFERROR(VLOOKUP(Tabela1[[#This Row],[COD.MDE]],'LISTA DE EMBARQUE'!B:M,12,0),"") -> 46146 | X6: =IFERROR(Tabela1[[#This Row],[QIANTIDADE EXPEDIDA]]*Tabela1[[#This Row],[PESO UNI]],"") -> 10.8 | Y6: =U6-C6 -> 0 | Z6: =Tabela1[[#This Row],[PESO TOTAL]]-Tabela1[[#This Row],[Peso Expedido]] -> 0 | AA6: 1 | AB6: 1 | AC6: 1 | AD6: 1 | AE6: 1 | AF6: 1 | AG6: 1 | AH6: 1 | AI6: =IF(Z6<=0,"ok","") -> ok | AK6: =Tabela1[[#This Row],[Coluna1]]&Tabela1[[#This Row],[PEDIDO]] -> P-188 | AO6: =A6&"/"&J6 -> T-052878-1/1073-TC-006 | AP6: =Tabela1[[#This Row],[TAG]]&Tabela1[[#This Row],[PEDIDO]]&Tabela1[[#This Row],[PRODUTO]] -> 1073-TC-006P-188BASES ROLETES | AQ6: =Tabela1[[#This Row],[PRODUTO]]&Tabela1[[#This Row],[TAG]] -> BASES ROLETES1073-TC-006 | AR6: =Tabela1[[#This Row],[PEDIDO]]&Tabela1[[#This Row],[PRODUTO]] -> P-188BASES ROLETES | AS6: =IF(AF6="",0,IF(ISTEXT(AF6),H6*VALUE(SUBSTITUTE(AF6,"%",""))/100,H6*AF6))-Tabela1[[#This Row],[PRONTO ACABADO2]] -> 0 | AT6: =IF(AG6="",0,IF(ISTEXT(AG6),H6*VALUE(SUBSTITUTE(AG6,"%",""))/100,H6*AG6))-Tabela1[[#This Row],[PESO EXPEDIDO2]] -> 0 | AU6: =IF(AH6="",0,IF(ISTEXT(AH6),H6*VALUE(SUBSTITUTE(AH6,"%",""))/100,H6*AH6)) -> 10.8 | AV6: =IF(AG6="",0,IF(ISTEXT(AG6),H6*VALUE(SUBSTITUTE(AG6,"%",""))/100,H6*AG6)) -> 10.8
A7: T-052878-1 | C7: 4 | D7: BASE PARA ROLO DE PROTEÇÃO 52878A | E7: 3397 | F7: 8 | G7: 2.7 | H7: =Tabela1[[#This Row],[PESO UNI]]*Tabela1[[#This Row],[QTE]] -> 10.8 | I7: 1 | J7: 1073-TC-007 | K7: BASES ROLETES | L7: P-188 | M7: 46100 | N7: MDE | Q7: =Tabela1[[#This Row],[QTDE/ Fabricação]]-Tabela1[[#This Row],[QTE]] -> -4 | R7: =IFERROR(H7*((AA7*0.25)+(AC7*0.25)+(AD7*0.225)+(AE7*0.225)+(AF7*0.05)),"") -> 10.8 | S7: =IFERROR(H7*AG7,"") -> 10.8 | T7: =IFERROR(S7-H7,"") -> 0 | U7: =IFERROR(SUMIF('LISTA DE EMBARQUE'!B:B,MICRO!E:E,'LISTA DE EMBARQUE'!G:G),"") -> 4 | V7: =IFERROR(VLOOKUP(Tabela1[[#This Row],[COD.MDE]],'LISTA DE EMBARQUE'!B:L,11,0),"") -> 1 | W7: =IFERROR(VLOOKUP(Tabela1[[#This Row],[COD.MDE]],'LISTA DE EMBARQUE'!B:M,12,0),"") -> 46146 | X7: =IFERROR(Tabela1[[#This Row],[QIANTIDADE EXPEDIDA]]*Tabela1[[#This Row],[PESO UNI]],"") -> 10.8 | Y7: =U7-C7 -> 0 | Z7: =Tabela1[[#This Row],[PESO TOTAL]]-Tabela1[[#This Row],[Peso Expedido]] -> 0 | AA7: 1 | AB7: 1 | AC7: 1 | AD7: 1 | AE7: 1 | AF7: 1 | AG7: 1 | AH7: 1 | AI7: =IF(Z7<=0,"ok","") -> ok | AK7: =Tabela1[[#This Row],[Coluna1]]&Tabela1[[#This Row],[PEDIDO]] -> P-188 | AO7: =A7&"/"&J7 -> T-052878-1/1073-TC-007 | AP7: =Tabela1[[#This Row],[TAG]]&Tabela1[[#This Row],[PEDIDO]]&Tabela1[[#This Row],[PRODUTO]] -> 1073-TC-007P-188BASES ROLETES | AQ7: =Tabela1[[#This Row],[PRODUTO]]&Tabela1[[#This Row],[TAG]] -> BASES ROLETES1073-TC-007 | AR7: =Tabela1[[#This Row],[PEDIDO]]&Tabela1[[#This Row],[PRODUTO]] -> P-188BASES ROLETES | AS7: =IF(AF7="",0,IF(ISTEXT(AF7),H7*VALUE(SUBSTITUTE(AF7,"%",""))/100,H7*AF7))-Tabela1[[#This Row],[PRONTO ACABADO2]] -> 0 | AT7: =IF(AG7="",0,IF(ISTEXT(AG7),H7*VALUE(SUBSTITUTE(AG7,"%",""))/100,H7*AG7))-Tabela1[[#This Row],[PESO EXPEDIDO2]] -> 0 | AU7: =IF(AH7="",0,IF(ISTEXT(AH7),H7*VALUE(SUBSTITUTE(AH7,"%",""))/100,H7*AH7)) -> 10.8 | AV7: =IF(AG7="",0,IF(ISTEXT(AG7),H7*VALUE(SUBSTITUTE(AG7,"%",""))/100,H7*AG7)) -> 10.8
A8: R-007180-1 | C8: 2 | D8: BASE AA RETORNO 7180A | E8: 3398 | F8: 8 | G8: 68.1 | H8: =Tabela1[[#This Row],[PESO UNI]]*Tabela1[[#This Row],[QTE]] -> 136.2 | I8: 1 | J8: 1073-TC-006 | K8: BASES ROLETES | L8: P-188 | M8: 46226 | N8: MDE | Q8: =Tabela1[[#This Row],[QTDE/ Fabricação]]-Tabela1[[#This Row],[QTE]] -> -2 | R8: =IFERROR(H8*((AA8*0.25)+(AC8*0.25)+(AD8*0.225)+(AE8*0.225)+(AF8*0.05)),"") -> 136.2 | S8: =IFERROR(H8*AG8,"") -> 136.2 | T8: =IFERROR(S8-H8,"") -> 0 | U8: =IFERROR(SUMIF('LISTA DE EMBARQUE'!B:B,MICRO!E:E,'LISTA DE EMBARQUE'!G:G),"") -> 2 | V8: =IFERROR(VLOOKUP(Tabela1[[#This Row],[COD.MDE]],'LISTA DE EMBARQUE'!B:L,11,0),"") -> 4 | W8: =IFERROR(VLOOKUP(Tabela1[[#This Row],[COD.MDE]],'LISTA DE EMBARQUE'!B:M,12,0),"") -> 46174 | X8: =IFERROR(Tabela1[[#This Row],[QIANTIDADE EXPEDIDA]]*Tabela1[[#This Row],[PESO UNI]],"") -> 136.2 | Y8: =U8-C8 -> 0 | Z8: =Tabela1[[#This Row],[PESO TOTAL]]-Tabela1[[#This Row],[Peso Expedido]] -> 0 | AA8: 1 | AB8: 1 | AC8: 1 | AD8: 1 | AE8: 1 | AF8: 1 | AG8: 1 | AH8: 1 | AI8: ok | AK8: =Tabela1[[#This Row],[Coluna1]]&Tabela1[[#This Row],[PEDIDO]] -> P-188 | AO8: =A8&"/"&J8 -> R-007180-1/1073-TC-006 | AP8: =Tabela1[[#This Row],[TAG]]&Tabela1[[#This Row],[PEDIDO]]&Tabela1[[#This Row],[PRODUTO]] -> 1073-TC-006P-188BASES ROLETES | AQ8: =Tabela1[[#This Row],[PRODUTO]]&Tabela1[[#This Row],[TAG]] -> BASES ROLETES1073-TC-006 | AR8: =Tabela1[[#This Row],[PEDIDO]]&Tabela1[[#This Row],[PRODUTO]] -> P-188BASES ROLETES | AS8: =IF(AF8="",0,IF(ISTEXT(AF8),H8*VALUE(SUBSTITUTE(AF8,"%",""))/100,H8*AF8))-Tabela1[[#This Row],[PRONTO ACABADO2]] -> 0 | AT8: =IF(AG8="",0,IF(ISTEXT(AG8),H8*VALUE(SUBSTITUTE(AG8,"%",""))/100,H8*AG8))-Tabela1[[#This Row],[PESO EXPEDIDO2]] -> 0 | AU8: =IF(AH8="",0,IF(ISTEXT(AH8),H8*VALUE(SUBSTITUTE(AH8,"%",""))/100,H8*AH8)) -> 136.2 | AV8: =IF(AG8="",0,IF(ISTEXT(AG8),H8*VALUE(SUBSTITUTE(AG8,"%",""))/100,H8*AG8)) -> 136.2
A9: R-007180-1 | C9: 2 | D9: BASE AA RETORNO 7180A | E9: 3399 | F9: 8 | G9: 68.1 | H9: =Tabela1[[#This Row],[PESO UNI]]*Tabela1[[#This Row],[QTE]] -> 136.2 | I9: 1 | J9: 1073-TC-007 | K9: BASES ROLETES | L9: P-188 | M9: 46226 | N9: MDE | Q9: =Tabela1[[#This Row],[QTDE/ Fabricação]]-Tabela1[[#This Row],[QTE]] -> -2 | R9: =IFERROR(H9*((AA9*0.25)+(AC9*0.25)+(AD9*0.225)+(AE9*0.225)+(AF9*0.05)),"") -> 136.2 | S9: =IFERROR(H9*AG9,"") -> 136.2 | T9: =IFERROR(S9-H9,"") -> 0 | U9: =IFERROR(SUMIF('LISTA DE EMBARQUE'!B:B,MICRO!E:E,'LISTA DE EMBARQUE'!G:G),"") -> 2 | V9: =IFERROR(VLOOKUP(Tabela1[[#This Row],[COD.MDE]],'LISTA DE EMBARQUE'!B:L,11,0),"") -> 4 | W9: =IFERROR(VLOOKUP(Tabela1[[#This Row],[COD.MDE]],'LISTA DE EMBARQUE'!B:M,12,0),"") -> 46174 | X9: =IFERROR(Tabela1[[#This Row],[QIANTIDADE EXPEDIDA]]*Tabela1[[#This Row],[PESO UNI]],"") -> 136.2 | Y9: =U9-C9 -> 0 | Z9: =Tabela1[[#This Row],[PESO TOTAL]]-Tabela1[[#This Row],[Peso Expedido]] -> 0 | AA9: 1 | AB9: 1 | AC9: 1 | AD9: 1 | AE9: 1 | AF9: 1 | AG9: 1 | AH9: 1 | AI9: ok | AK9: =Tabela1[[#This Row],[Coluna1]]&Tabela1[[#This Row],[PEDIDO]] -> P-188 | AO9: =A9&"/"&J9 -> R-007180-1/1073-TC-007 | AP9: =Tabela1[[#This Row],[TAG]]&Tabela1[[#This Row],[PEDIDO]]&Tabela1[[#This Row],[PRODUTO]] -> 1073-TC-007P-188BASES ROLETES | AQ9: =Tabela1[[#This Row],[PRODUTO]]&Tabela1[[#This Row],[TAG]] -> BASES ROLETES1073-TC-007 | AR9: =Tabela1[[#This Row],[PEDIDO]]&Tabela1[[#This Row],[PRODUTO]] -> P-188BASES ROLETES | AS9: =IF(AF9="",0,IF(ISTEXT(AF9),H9*VALUE(SUBSTITUTE(AF9,"%",""))/100,H9*AF9))-Tabela1[[#This Row],[PRONTO ACABADO2]] -> 0 | AT9: =IF(AG9="",0,IF(ISTEXT(AG9),H9*VALUE(SUBSTITUTE(AG9,"%",""))/100,H9*AG9))-Tabela1[[#This Row],[PESO EXPEDIDO2]] -> 0 | AU9: =IF(AH9="",0,IF(ISTEXT(AH9),H9*VALUE(SUBSTITUTE(AH9,"%",""))/100,H9*AH9)) -> 136.2 | AV9: =IF(AG9="",0,IF(ISTEXT(AG9),H9*VALUE(SUBSTITUTE(AG9,"%",""))/100,H9*AG9)) -> 136.2
A10: T-007179-4 | C10: 9 | D10: BASE DE RETORNO 7179A | E10: 3400 | F10: 8 | G10: 5.7 | H10: =Tabela1[[#This Row],[PESO UNI]]*Tabela1[[#This Row],[QTE]] -> 51.3 | I10: 0 | J10: 1073-TC-006 | K10: BASES ROLETES | L10: P-188 | M10: 46100 | N10: MDE | Q10: =Tabela1[[#This Row],[QTDE/ Fabricação]]-Tabela1[[#This Row],[QTE]] -> -9 | R10: =IFERROR(H10*((AA10*0.25)+(AC10*0.25)+(AD10*0.225)+(AE10*0.225)+(AF10*0.05)),"") -> 51.3 | S10: =IFERROR(H10*AG10,"") -> 51.3 | T10: =IFERROR(S10-H10,"") -> 0 | U10: =IFERROR(SUMIF('LISTA DE EMBARQUE'!B:B,MICRO!E:E,'LISTA DE EMBARQUE'!G:G),"") -> 9 | V10: =IFERROR(VLOOKUP(Tabela1[[#This Row],[COD.MDE]],'LISTA DE EMBARQUE'!B:L,11,0),"") -> 1 | W10: =IFERROR(VLOOKUP(Tabela1[[#This Row],[COD.MDE]],'LISTA DE EMBARQUE'!B:M,12,0),"") -> 46146 | X10: =IFERROR(Tabela1[[#This Row],[QIANTIDADE EXPEDIDA]]*Tabela1[[#This Row],[PESO UNI]],"") -> 51.3 | Y10: =U10-C10 -> 0 | Z10: =Tabela1[[#This Row],[PESO TOTAL]]-Tabela1[[#This Row],[Peso Expedido]] -> 0 | AA10: 1 | AB10: 1 | AC10: 1 | AD10: 1 | AE10: 1 | AF10: 1 | AG10: 1 | AH10: 1 | AI10: =IF(Z10<=0,"ok","") -> ok | AK10: =Tabela1[[#This Row],[Coluna1]]&Tabela1[[#This Row],[PEDIDO]] -> P-188 | AO10: =A10&"/"&J10 -> T-007179-4/1073-TC-006 | AP10: =Tabela1[[#This Row],[TAG]]&Tabela1[[#This Row],[PEDIDO]]&Tabela1[[#This Row],[PRODUTO]] -> 1073-TC-006P-188BASES ROLETES | AQ10: =Tabela1[[#This Row],[PRODUTO]]&Tabela1[[#This Row],[TAG]] -> BASES ROLETES1073-TC-006 | AR10: =Tabela1[[#This Row],[PEDIDO]]&Tabela1[[#This Row],[PRODUTO]] -> P-188BASES ROLETES | AS10: =IF(AF10="",0,IF(ISTEXT(AF10),H10*VALUE(SUBSTITUTE(AF10,"%",""))/100,H10*AF10))-Tabela1[[#This Row],[PRONTO ACABADO2]] -> 0 | AT10: =IF(AG10="",0,IF(ISTEXT(AG10),H10*VALUE(SUBSTITUTE(AG10,"%",""))/100,H10*AG10))-Tabela1[[#This Row],[PESO EXPEDIDO2]] -> 0 | AU10: =IF(AH10="",0,IF(ISTEXT(AH10),H10*VALUE(SUBSTITUTE(AH10,"%",""))/100,H10*AH10)) -> 51.3 | AV10: =IF(AG10="",0,IF(ISTEXT(AG10),H10*VALUE(SUBSTITUTE(AG10,"%",""))/100,H10*AG10)) -> 51.3
A11: T-007179-4 | C11: 9 | D11: BASE DE RETORNO 7179A | E11: 3401 | F11: 8 | G11: 5.7 | H11: =Tabela1[[#This Row],[PESO UNI]]*Tabela1[[#This Row],[QTE]] -> 51.3 | I11: 0 | J11: 1073-TC-007 | K11: BASES ROLETES | L11: P-188 | M11: 46100 | N11: MDE | Q11: =Tabela1[[#This Row],[QTDE/ Fabricação]]-Tabela1[[#This Row],[QTE]] -> -9 | R11: =IFERROR(H11*((AA11*0.25)+(AC11*0.25)+(AD11*0.225)+(AE11*0.225)+(AF11*0.05)),"") -> 51.3 | S11: =IFERROR(H11*AG11,"") -> 51.3 | T11: =IFERROR(S11-H11,"") -> 0 | U11: =IFERROR(SUMIF('LISTA DE EMBARQUE'!B:B,MICRO!E:E,'LISTA DE EMBARQUE'!G:G),"") -> 9 | V11: =IFERROR(VLOOKUP(Tabela1[[#This Row],[COD.MDE]],'LISTA DE EMBARQUE'!B:L,11,0),"") -> 1 | W11: =IFERROR(VLOOKUP(Tabela1[[#This Row],[COD.MDE]],'LISTA DE EMBARQUE'!B:M,12,0),"") -> 46146 | X11: =IFERROR(Tabela1[[#This Row],[QIANTIDADE EXPEDIDA]]*Tabela1[[#This Row],[PESO UNI]],"") -> 51.3 | Y11: =U11-C11 -> 0 | Z11: =Tabela1[[#This Row],[PESO TOTAL]]-Tabela1[[#This Row],[Peso Expedido]] -> 0 | AA11: 1 | AB11: 1 | AC11: 1 | AD11: 1 | AE11: 1 | AF11: 1 | AG11: 1 | AH11: 1 | AI11: =IF(Z11<=0,"ok","") -> ok | AK11: =Tabela1[[#This Row],[Coluna1]]&Tabela1[[#This Row],[PEDIDO]] -> P-188 | AO11: =A11&"/"&J11 -> T-007179-4/1073-TC-007 | AP11: =Tabela1[[#This Row],[TAG]]&Tabela1[[#This Row],[PEDIDO]]&Tabela1[[#This Row],[PRODUTO]] -> 1073-TC-007P-188BASES ROLETES | AQ11: =Tabela1[[#This Row],[PRODUTO]]&Tabela1[[#This Row],[TAG]] -> BASES ROLETES1073-TC-007 | AR11: =Tabela1[[#This Row],[PEDIDO]]&Tabela1[[#This Row],[PRODUTO]] -> P-188BASES ROLETES | AS11: =IF(AF11="",0,IF(ISTEXT(AF11),H11*VALUE(SUBSTITUTE(AF11,"%",""))/100,H11*AF11))-Tabela1[[#This Row],[PRONTO ACABADO2]] -> 0 | AT11: =IF(AG11="",0,IF(ISTEXT(AG11),H11*VALUE(SUBSTITUTE(AG11,"%",""))/100,H11*AG11))-Tabela1[[#This Row],[PESO EXPEDIDO2]] -> 0 | AU11: =IF(AH11="",0,IF(ISTEXT(AH11),H11*VALUE(SUBSTITUTE(AH11,"%",""))/100,H11*AH11)) -> 51.3 | AV11: =IF(AG11="",0,IF(ISTEXT(AG11),H11*VALUE(SUBSTITUTE(AG11,"%",""))/100,H11*AG11)) -> 51.3
A12: T-007177-1 | C12: 13 | D12: BASE PARA ROLO DE CARGA 7177A | E12: 3402 | F12: 8 | G12: 19.1 | H12: =Tabela1[[#This Row],[PESO UNI]]*Tabela1[[#This Row],[QTE]] -> 248.3 | I12: 1 | J12: 1073-TC-006 | K12: BASES ROLETES | L12: P-188 | M12: 46100 | N12: MDE | Q12: =Tabela1[[#This Row],[QTDE/ Fabricação]]-Tabela1[[#This Row],[QTE]] -> -13 | R12: =IFERROR(H12*((AA12*0.25)+(AC12*0.25)+(AD12*0.225)+(AE12*0.225)+(AF12*0.05)),"") -> 248.3 | S12: =IFERROR(H12*AG12,"") -> 248.3 | T12: =IFERROR(S12-H12,"") -> 0 | U12: =IFERROR(SUMIF('LISTA DE EMBARQUE'!B:B,MICRO!E:E,'LISTA DE EMBARQUE'!G:G),"") -> 11 | V12: =IFERROR(VLOOKUP(Tabela1[[#This Row],[COD.MDE]],'LISTA DE EMBARQUE'!B:L,11,0),"") -> 1 | W12: =IFERROR(VLOOKUP(Tabela1[[#This Row],[COD.MDE]],'LISTA DE EMBARQUE'!B:M,12,0),"") -> 46146 | X12: =IFERROR(Tabela1[[#This Row],[QIANTIDADE EXPEDIDA]]*Tabela1[[#This Row],[PESO UNI]],"") -> 210.1 | Y12: =U12-C12 -> -2 | Z12: =Tabela1[[#This Row],[PESO TOTAL]]-Tabela1[[#This Row],[Peso Expedido]] -> 38.2 | AA12: 1 | AB12: 1 | AC12: 1 | AD12: 1 | AE12: 1 | AF12: 1 | AG12: 1 | AH12: 1 | AI12: =IF(Z12<=0,"ok","") | AK12: =Tabela1[[#This Row],[Coluna1]]&Tabela1[[#This Row],[PEDIDO]] -> P-188 | AO12: =A12&"/"&J12 -> T-007177-1/1073-TC-006 | AP12: =Tabela1[[#This Row],[TAG]]&Tabela1[[#This Row],[PEDIDO]]&Tabela1[[#This Row],[PRODUTO]] -> 1073-TC-006P-188BASES ROLETES | AQ12: =Tabela1[[#This Row],[PRODUTO]]&Tabela1[[#This Row],[TAG]] -> BASES ROLETES1073-TC-006 | AR12: =Tabela1[[#This Row],[PEDIDO]]&Tabela1[[#This Row],[PRODUTO]] -> P-188BASES ROLETES | AS12: =IF(AF12="",0,IF(ISTEXT(AF12),H12*VALUE(SUBSTITUTE(AF12,"%",""))/100,H12*AF12))-Tabela1[[#This Row],[PRONTO ACABADO2]] -> 0 | AT12: =IF(AG12="",0,IF(ISTEXT(AG12),H12*VALUE(SUBSTITUTE(AG12,"%",""))/100,H12*AG12))-Tabela1[[#This Row],[PESO EXPEDIDO2]] -> 0 | AU12: =IF(AH12="",0,IF(ISTEXT(AH12),H12*VALUE(SUBSTITUTE(AH12,"%",""))/100,H12*AH12)) -> 248.3 | AV12: =IF(AG12="",0,IF(ISTEXT(AG12),H12*VALUE(SUBSTITUTE(AG12,"%",""))/100,H12*AG12)) -> 248.3
A13: T-007177-1 | C13: 13 | D13: BASE PARA ROLO DE CARGA 7177A | E13: 3403 | F13: 8 | G13: 19.1 | H13: =Tabela1[[#This Row],[PESO UNI]]*Tabela1[[#This Row],[QTE]] -> 248.3 | I13: 1 | J13: 1073-TC-007 | K13: BASES ROLETES | L13: P-188 | M13: 46100 | N13: MDE | Q13: =Tabela1[[#This Row],[QTDE/ Fabricação]]-Tabela1[[#This Row],[QTE]] -> -13 | R13: =IFERROR(H13*((AA13*0.25)+(AC13*0.25)+(AD13*0.225)+(AE13*0.225)+(AF13*0.05)),"") -> 248.3 | S13: =IFERROR(H13*AG13,"") -> 248.3 | T13: =IFERROR(S13-H13,"") -> 0 | U13: =IFERROR(SUMIF('LISTA DE EMBARQUE'!B:B,MICRO!E:E,'LISTA DE EMBARQUE'!G:G),"") -> 11 | V13: =IFERROR(VLOOKUP(Tabela1[[#This Row],[COD.MDE]],'LISTA DE EMBARQUE'!B:L,11,0),"") -> 1 | W13: =IFERROR(VLOOKUP(Tabela1[[#This Row],[COD.MDE]],'LISTA DE EMBARQUE'!B:M,12,0),"") -> 46146 | X13: =IFERROR(Tabela1[[#This Row],[QIANTIDADE EXPEDIDA]]*Tabela1[[#This Row],[PESO UNI]],"") -> 210.1 | Y13: =U13-C13 -> -2 | Z13: =Tabela1[[#This Row],[PESO TOTAL]]-Tabela1[[#This Row],[Peso Expedido]] -> 38.2 | AA13: 1 | AB13: 1 | AC13: 1 | AD13: 1 | AE13: 1 | AF13: 1 | AG13: 1 | AH13: 1 | AI13: =IF(Z13<=0,"ok","") | AK13: =Tabela1[[#This Row],[Coluna1]]&Tabela1[[#This Row],[PEDIDO]] -> P-188 | AO13: =A13&"/"&J13 -> T-007177-1/1073-TC-007 | AP13: =Tabela1[[#This Row],[TAG]]&Tabela1[[#This Row],[PEDIDO]]&Tabela1[[#This Row],[PRODUTO]] -> 1073-TC-007P-188BASES ROLETES | AQ13: =Tabela1[[#This Row],[PRODUTO]]&Tabela1[[#This Row],[TAG]] -> BASES ROLETES1073-TC-007 | AR13: =Tabela1[[#This Row],[PEDIDO]]&Tabela1[[#This Row],[PRODUTO]] -> P-188BASES ROLETES | AS13: =IF(AF13="",0,IF(ISTEXT(AF13),H13*VALUE(SUBSTITUTE(AF13,"%",""))/100,H13*AF13))-Tabela1[[#This Row],[PRONTO ACABADO2]] -> 0 | AT13: =IF(AG13="",0,IF(ISTEXT(AG13),H13*VALUE(SUBSTITUTE(AG13,"%",""))/100,H13*AG13))-Tabela1[[#This Row],[PESO EXPEDIDO2]] -> 0 | AU13: =IF(AH13="",0,IF(ISTEXT(AH13),H13*VALUE(SUBSTITUTE(AH13,"%",""))/100,H13*AH13)) -> 248.3 | AV13: =IF(AG13="",0,IF(ISTEXT(AG13),H13*VALUE(SUBSTITUTE(AG13,"%",""))/100,H13*AG13)) -> 248.3
A14: T-007175-1 | C14: 2 | D14: BASE P/ ROLO DE TRANSIÇÃO 7175A | E14: 3404 | F14: 8 | G14: 23 | H14: =Tabela1[[#This Row],[PESO UNI]]*Tabela1[[#This Row],[QTE]] -> 46 | I14: 0 | J14: 1073-TC-006 | K14: BASES ROLETES | L14: P-188 | M14: 46100 | N14: MDE | Q14: =Tabela1[[#This Row],[QTDE/ Fabricação]]-Tabela1[[#This Row],[QTE]] -> -2 | R14: =IFERROR(H14*((AA14*0.25)+(AC14*0.25)+(AD14*0.225)+(AE14*0.225)+(AF14*0.05)),"") -> 46 | S14: =IFERROR(H14*AG14,"") -> 46 | T14: =IFERROR(S14-H14,"") -> 0 | U14: =IFERROR(SUMIF('LISTA DE EMBARQUE'!B:B,MICRO!E:E,'LISTA DE EMBARQUE'!G:G),"") -> 2 | V14: =IFERROR(VLOOKUP(Tabela1[[#This Row],[COD.MDE]],'LISTA DE EMBARQUE'!B:L,11,0),"") -> 1 | W14: =IFERROR(VLOOKUP(Tabela1[[#This Row],[COD.MDE]],'LISTA DE EMBARQUE'!B:M,12,0),"") -> 46146 | X14: =IFERROR(Tabela1[[#This Row],[QIANTIDADE EXPEDIDA]]*Tabela1[[#This Row],[PESO UNI]],"") -> 46 | Y14: =U14-C14 -> 0 | Z14: =Tabela1[[#This Row],[PESO TOTAL]]-Tabela1[[#This Row],[Peso Expedido]] -> 0 | AA14: 1 | AB14: 1 | AC14: 1 | AD14: 1 | AE14: 1 | AF14: 1 | AG14: 1 | AH14: 1 | AI14: =IF(Z14<=0,"ok","") -> ok | AK14: =Tabela1[[#This Row],[Coluna1]]&Tabela1[[#This Row],[PEDIDO]] -> P-188 | AO14: =A14&"/"&J14 -> T-007175-1/1073-TC-006 | AP14: =Tabela1[[#This Row],[TAG]]&Tabela1[[#This Row],[PEDIDO]]&Tabela1[[#This Row],[PRODUTO]] -> 1073-TC-006P-188BASES ROLETES | AQ14: =Tabela1[[#This Row],[PRODUTO]]&Tabela1[[#This Row],[TAG]] -> BASES ROLETES1073-TC-006 | AR14: =Tabela1[[#This Row],[PEDIDO]]&Tabela1[[#This Row],[PRODUTO]] -> P-188BASES ROLETES | AS14: =IF(AF14="",0,IF(ISTEXT(AF14),H14*VALUE(SUBSTITUTE(AF14,"%",""))/100,H14*AF14))-Tabela1[[#This Row],[PRONTO ACABADO2]] -> 0 | AT14: =IF(AG14="",0,IF(ISTEXT(AG14),H14*VALUE(SUBSTITUTE(AG14,"%",""))/100,H14*AG14))-Tabela1[[#This Row],[PESO EXPEDIDO2]] -> 0 | AU14: =IF(AH14="",0,IF(ISTEXT(AH14),H14*VALUE(SUBSTITUTE(AH14,"%",""))/100,H14*AH14)) -> 46 | AV14: =IF(AG14="",0,IF(ISTEXT(AG14),H14*VALUE(SUBSTITUTE(AG14,"%",""))/100,H14*AG14)) -> 46
A15: T-007175-1 | C15: 2 | D15: BASE P/ ROLO DE TRANSIÇÃO 7175A | E15: 3405 | F15: 8 | G15: 23 | H15: =Tabela1[[#This Row],[PESO UNI]]*Tabela1[[#This Row],[QTE]] -> 46 | I15: 0 | J15: 1073-TC-007 | K15: BASES ROLETES | L15: P-188 | M15: 46100 | N15: MDE | Q15: =Tabela1[[#This Row],[QTDE/ Fabricação]]-Tabela1[[#This Row],[QTE]] -> -2 | R15: =IFERROR(H15*((AA15*0.25)+(AC15*0.25)+(AD15*0.225)+(AE15*0.225)+(AF15*0.05)),"") -> 46 | S15: =IFERROR(H15*AG15,"") -> 46 | T15: =IFERROR(S15-H15,"") -> 0 | U15: =IFERROR(SUMIF('LISTA DE EMBARQUE'!B:B,MICRO!E:E,'LISTA DE EMBARQUE'!G:G),"") -> 2 | V15: =IFERROR(VLOOKUP(Tabela1[[#This Row],[COD.MDE]],'LISTA DE EMBARQUE'!B:L,11,0),"") -> 1 | W15: =IFERROR(VLOOKUP(Tabela1[[#This Row],[COD.MDE]],'LISTA DE EMBARQUE'!B:M,12,0),"") -> 46146 | X15: =IFERROR(Tabela1[[#This Row],[QIANTIDADE EXPEDIDA]]*Tabela1[[#This Row],[PESO UNI]],"") -> 46 | Y15: =U15-C15 -> 0 | Z15: =Tabela1[[#This Row],[PESO TOTAL]]-Tabela1[[#This Row],[Peso Expedido]] -> 0 | AA15: 1 | AB15: 1 | AC15: 1 | AD15: 1 | AE15: 1 | AF15: 1 | AG15: 1 | AH15: 1 | AI15: =IF(Z15<=0,"ok","") -> ok | AK15: =Tabela1[[#This Row],[Coluna1]]&Tabela1[[#This Row],[PEDIDO]] -> P-188 | AO15: =A15&"/"&J15 -> T-007175-1/1073-TC-007 | AP15: =Tabela1[[#This Row],[TAG]]&Tabela1[[#This Row],[PEDIDO]]&Tabela1[[#This Row],[PRODUTO]] -> 1073-TC-007P-188BASES ROLETES | AQ15: =Tabela1[[#This Row],[PRODUTO]]&Tabela1[[#This Row],[TAG]] -> BASES ROLETES1073-TC-007 | AR15: =Tabela1[[#This Row],[PEDIDO]]&Tabela1[[#This Row],[PRODUTO]] -> P-188BASES ROLETES | AS15: =IF(AF15="",0,IF(ISTEXT(AF15),H15*VALUE(SUBSTITUTE(AF15,"%",""))/100,H15*AF15))-Tabela1[[#This Row],[PRONTO ACABADO2]] -> 0 | AT15: =IF(AG15="",0,IF(ISTEXT(AG15),H15*VALUE(SUBSTITUTE(AG15,"%",""))/100,H15*AG15))-Tabela1[[#This Row],[PESO EXPEDIDO2]] -> 0 | AU15: =IF(AH15="",0,IF(ISTEXT(AH15),H15*VALUE(SUBSTITUTE(AH15,"%",""))/100,H15*AH15)) -> 46 | AV15: =IF(AG15="",0,IF(ISTEXT(AG15),H15*VALUE(SUBSTITUTE(AG15,"%",""))/100,H15*AG15)) -> 46
A16: R-1-4-9218 | C16: 96 | D16: ROLO DE IMPACTO Ø127 / 89 X 380 6305 | E16: 3406 | F16: 7 | G16: 7 | H16: =Tabela1[[#This Row],[PESO UNI]]*Tabela1[[#This Row],[QTE]] -> 672 | I16: 0 | J16: 1073-TC-006 | K16: ROLOS | L16: P-188 | M16: 46100 | N16: MDE | Q16: =Tabela1[[#This Row],[QTDE/ Fabricação]]-Tabela1[[#This Row],[QTE]] -> -96 | R16: =IFERROR(H16*((AA16*0.25)+(AC16*0.25)+(AD16*0.225)+(AE16*0.225)+(AF16*0.05)),"") -> 672 | S16: =IFERROR(H16*AG16,"") -> 672 | T16: =IFERROR(S16-H16,"") -> 0 | U16: =IFERROR(SUMIF('LISTA DE EMBARQUE'!B:B,MICRO!E:E,'LISTA DE EMBARQUE'!G:G),"") -> 99 | V16: =IFERROR(VLOOKUP(Tabela1[[#This Row],[COD.MDE]],'LISTA DE EMBARQUE'!B:L,11,0),"") -> 1 | W16: =IFERROR(VLOOKUP(Tabela1[[#This Row],[COD.MDE]],'LISTA DE EMBARQUE'!B:M,12,0),"") -> 46146 | X16: =IFERROR(Tabela1[[#This Row],[QIANTIDADE EXPEDIDA]]*Tabela1[[#This Row],[PESO UNI]],"") -> 693 | Y16: =U16-C16 -> 3 | Z16: 0 | AA16: 1 | AB16: 1 | AC16: 1 | AD16: 1 | AE16: 1 | AF16: 1 | AG16: 1 | AH16: 1 | AI16: =IF(Z16<=0,"ok","") -> ok | AK16: =Tabela1[[#This Row],[Coluna1]]&Tabela1[[#This Row],[PEDIDO]] -> P-188 | AO16: =A16&"/"&J16 -> R-1-4-9218/1073-TC-006 | AP16: =Tabela1[[#This Row],[TAG]]&Tabela1[[#This Row],[PEDIDO]]&Tabela1[[#This Row],[PRODUTO]] -> 1073-TC-006P-188ROLOS | AQ16: =Tabela1[[#This Row],[PRODUTO]]&Tabela1[[#This Row],[TAG]] -> ROLOS1073-TC-006 | AR16: =Tabela1[[#This Row],[PEDIDO]]&Tabela1[[#This Row],[PRODUTO]] -> P-188ROLOS | AS16: =IF(AF16="",0,IF(ISTEXT(AF16),H16*VALUE(SUBSTITUTE(AF16,"%",""))/100,H16*AF16))-Tabela1[[#This Row],[PRONTO ACABADO2]] -> 0 | AT16: =IF(AG16="",0,IF(ISTEXT(AG16),H16*VALUE(SUBSTITUTE(AG16,"%",""))/100,H16*AG16))-Tabela1[[#This Row],[PESO EXPEDIDO2]] -> 0 | AU16: =IF(AH16="",0,IF(ISTEXT(AH16),H16*VALUE(SUBSTITUTE(AH16,"%",""))/100,H16*AH16)) -> 672 | AV16: =IF(AG16="",0,IF(ISTEXT(AG16),H16*VALUE(SUBSTITUTE(AG16,"%",""))/100,H16*AG16)) -> 672
A17: R-1-4-9218 | C17: 96 | D17: ROLO DE IMPACTO Ø127 / 89 X 380 6305 | E17: 3407 | F17: 7 | G17: 7 | H17: =Tabela1[[#This Row],[PESO UNI]]*Tabela1[[#This Row],[QTE]] -> 672 | I17: 0 | J17: 1073-TC-007 | K17: ROLOS | L17: P-188 | M17: 46100 | N17: MDE | Q17: =Tabela1[[#This Row],[QTDE/ Fabricação]]-Tabela1[[#This Row],[QTE]] -> -96 | R17: =IFERROR(H17*((AA17*0.25)+(AC17*0.25)+(AD17*0.225)+(AE17*0.225)+(AF17*0.05)),"") -> 672 | S17: =IFERROR(H17*AG17,"") -> 672 | T17: =IFERROR(S17-H17,"") -> 0 | U17: =IFERROR(SUMIF('LISTA DE EMBARQUE'!B:B,MICRO!E:E,'LISTA DE EMBARQUE'!G:G),"") -> 99 | V17: =IFERROR(VLOOKUP(Tabela1[[#This Row],[COD.MDE]],'LISTA DE EMBARQUE'!B:L,11,0),"") -> 1 | W17: =IFERROR(VLOOKUP(Tabela1[[#This Row],[COD.MDE]],'LISTA DE EMBARQUE'!B:M,12,0),"") -> 46146 | X17: =IFERROR(Tabela1[[#This Row],[QIANTIDADE EXPEDIDA]]*Tabela1[[#This Row],[PESO UNI]],"") -> 693 | Y17: =U17-C17 -> 3 | Z17: 0 | AA17: 1 | AB17: 1 | AC17: 1 | AD17: 1 | AE17: 1 | AF17: 1 | AG17: 1 | AH17: 1 | AI17: =IF(Z17<=0,"ok","") -> ok | AK17: =Tabela1[[#This Row],[Coluna1]]&Tabela1[[#This Row],[PEDIDO]] -> P-188 | AO17: =A17&"/"&J17 -> R-1-4-9218/1073-TC-007 | AP17: =Tabela1[[#This Row],[TAG]]&Tabela1[[#This Row],[PEDIDO]]&Tabela1[[#This Row],[PRODUTO]] -> 1073-TC-007P-188ROLOS | AQ17: =Tabela1[[#This Row],[PRODUTO]]&Tabela1[[#This Row],[TAG]] -> ROLOS1073-TC-007 | AR17: =Tabela1[[#This Row],[PEDIDO]]&Tabela1[[#This Row],[PRODUTO]] -> P-188ROLOS | AS17: =IF(AF17="",0,IF(ISTEXT(AF17),H17*VALUE(SUBSTITUTE(AF17,"%",""))/100,H17*AF17))-Tabela1[[#This Row],[PRONTO ACABADO2]] -> 0 | AT17: =IF(AG17="",0,IF(ISTEXT(AG17),H17*VALUE(SUBSTITUTE(AG17,"%",""))/100,H17*AG17))-Tabela1[[#This Row],[PESO EXPEDIDO2]] -> 0 | AU17: =IF(AH17="",0,IF(ISTEXT(AH17),H17*VALUE(SUBSTITUTE(AH17,"%",""))/100,H17*AH17)) -> 672 | AV17: =IF(AG17="",0,IF(ISTEXT(AG17),H17*VALUE(SUBSTITUTE(AG17,"%",""))/100,H17*AG17)) -> 672
A18: R-1-4-9211 | C18: 39 | D18: ROLO DE CARGA Ø127 X 380 6305 | E18: 3408 | F18: 7 | G18: 8.5 | H18: =Tabela1[[#This Row],[PESO UNI]]*Tabela1[[#This Row],[QTE]] -> 331.5 | I18: 0 | J18: 1073-TC-006 | K18: ROLOS | L18: P-188 | M18: 46100 | N18: MDE | Q18: =Tabela1[[#This Row],[QTDE/ Fabricação]]-Tabela1[[#This Row],[QTE]] -> -39 | R18: =IFERROR(H18*((AA18*0.25)+(AC18*0.25)+(AD18*0.225)+(AE18*0.225)+(AF18*0.05)),"") -> 331.5 | S18: =IFERROR(H18*AG18,"") -> 331.5 | T18: =IFERROR(S18-H18,"") -> 0 | U18: =IFERROR(SUMIF('LISTA DE EMBARQUE'!B:B,MICRO!E:E,'LISTA DE EMBARQUE'!G:G),"") -> 39 | V18: =IFERROR(VLOOKUP(Tabela1[[#This Row],[COD.MDE]],'LISTA DE EMBARQUE'!B:L,11,0),"") -> 1 | W18: =IFERROR(VLOOKUP(Tabela1[[#This Row],[COD.MDE]],'LISTA DE EMBARQUE'!B:M,12,0),"") -> 46146 | X18: =IFERROR(Tabela1[[#This Row],[QIANTIDADE EXPEDIDA]]*Tabela1[[#This Row],[PESO UNI]],"") -> 331.5 | Y18: =U18-C18 -> 0 | Z18: =Tabela1[[#This Row],[PESO TOTAL]]-Tabela1[[#This Row],[Peso Expedido]] -> 0 | AA18: 1 | AB18: 1 | AC18: 1 | AD18: 1 | AE18: 1 | AF18: 1 | AG18: 1 | AH18: 1 | AI18: =IF(Z18<=0,"ok","") -> ok | AK18: =Tabela1[[#This Row],[Coluna1]]&Tabela1[[#This Row],[PEDIDO]] -> P-188 | AO18: =A18&"/"&J18 -> R-1-4-9211/1073-TC-006 | AP18: =Tabela1[[#This Row],[TAG]]&Tabela1[[#This Row],[PEDIDO]]&Tabela1[[#This Row],[PRODUTO]] -> 1073-TC-006P-188ROLOS | AQ18: =Tabela1[[#This Row],[PRODUTO]]&Tabela1[[#This Row],[TAG]] -> ROLOS1073-TC-006 | AR18: =Tabela1[[#This Row],[PEDIDO]]&Tabela1[[#This Row],[PRODUTO]] -> P-188ROLOS | AS18: =IF(AF18="",0,IF(ISTEXT(AF18),H18*VALUE(SUBSTITUTE(AF18,"%",""))/100,H18*AF18))-Tabela1[[#This Row],[PRONTO ACABADO2]] -> 0 | AT18: =IF(AG18="",0,IF(ISTEXT(AG18),H18*VALUE(SUBSTITUTE(AG18,"%",""))/100,H18*AG18))-Tabela1[[#This Row],[PESO EXPEDIDO2]] -> 0 | AU18: =IF(AH18="",0,IF(ISTEXT(AH18),H18*VALUE(SUBSTITUTE(AH18,"%",""))/100,H18*AH18)) -> 331.5 | AV18: =IF(AG18="",0,IF(ISTEXT(AG18),H18*VALUE(SUBSTITUTE(AG18,"%",""))/100,H18*AG18)) -> 331.5
A19: R-1-4-9211 | C19: 39 | D19: ROLO DE CARGA Ø127 X 380 6305 | E19: 3409 | F19: 7 | G19: 8.5 | H19: =Tabela1[[#This Row],[PESO UNI]]*Tabela1[[#This Row],[QTE]] -> 331.5 | I19: 0 | J19: 1073-TC-007 | K19: ROLOS | L19: P-188 | M19: 46100 | N19: MDE | Q19: =Tabela1[[#This Row],[QTDE/ Fabricação]]-Tabela1[[#This Row],[QTE]] -> -39 | R19: =IFERROR(H19*((AA19*0.25)+(AC19*0.25)+(AD19*0.225)+(AE19*0.225)+(AF19*0.05)),"") -> 331.5 | S19: =IFERROR(H19*AG19,"") -> 331.5 | T19: =IFERROR(S19-H19,"") -> 0 | U19: =IFERROR(SUMIF('LISTA DE EMBARQUE'!B:B,MICRO!E:E,'LISTA DE EMBARQUE'!G:G),"") -> 39 | V19: =IFERROR(VLOOKUP(Tabela1[[#This Row],[COD.MDE]],'LISTA DE EMBARQUE'!B:L,11,0),"") -> 1 | W19: =IFERROR(VLOOKUP(Tabela1[[#This Row],[COD.MDE]],'LISTA DE EMBARQUE'!B:M,12,0),"") -> 46146 | X19: =IFERROR(Tabela1[[#This Row],[QIANTIDADE EXPEDIDA]]*Tabela1[[#This Row],[PESO UNI]],"") -> 331.5 | Y19: =U19-C19 -> 0 | Z19: =Tabela1[[#This Row],[PESO TOTAL]]-Tabela1[[#This Row],[Peso Expedido]] -> 0 | AA19: 1 | AB19: 1 | AC19: 1 | AD19: 1 | AE19: 1 | AF19: 1 | AG19: 1 | AH19: 1 | AI19: =IF(Z19<=0,"ok","") -> ok | AK19: =Tabela1[[#This Row],[Coluna1]]&Tabela1[[#This Row],[PEDIDO]] -> P-188 | AO19: =A19&"/"&J19 -> R-1-4-9211/1073-TC-007 | AP19: =Tabela1[[#This Row],[TAG]]&Tabela1[[#This Row],[PEDIDO]]&Tabela1[[#This Row],[PRODUTO]] -> 1073-TC-007P-188ROLOS | AQ19: =Tabela1[[#This Row],[PRODUTO]]&Tabela1[[#This Row],[TAG]] -> ROLOS1073-TC-007 | AR19: =Tabela1[[#This Row],[PEDIDO]]&Tabela1[[#This Row],[PRODUTO]] -> P-188ROLOS | AS19: =IF(AF19="",0,IF(ISTEXT(AF19),H19*VALUE(SUBSTITUTE(AF19,"%",""))/100,H19*AF19))-Tabela1[[#This Row],[PRONTO ACABADO2]] -> 0 | AT19: =IF(AG19="",0,IF(ISTEXT(AG19),H19*VALUE(SUBSTITUTE(AG19,"%",""))/100,H19*AG19))-Tabela1[[#This Row],[PESO EXPEDIDO2]] -> 0 | AU19: =IF(AH19="",0,IF(ISTEXT(AH19),H19*VALUE(SUBSTITUTE(AH19,"%",""))/100,H19*AH19)) -> 331.5 | AV19: =IF(AG19="",0,IF(ISTEXT(AG19),H19*VALUE(SUBSTITUTE(AG19,"%",""))/100,H19*AG19)) -> 331.5
A20: R-9-4-10210 | C20: 2 | D20: ROLO GUIA Ø56 X 80 | E20: 3410 | F20: 7 | G20: 1 | H20: =Tabela1[[#This Row],[PESO UNI]]*Tabela1[[#This Row],[QTE]] -> 2 | I20: 0 | J20: 1073-TC-006 | K20: ROLOS | L20: P-188 | M20: 46100 | N20: MDE | Q20: =Tabela1[[#This Row],[QTDE/ Fabricação]]-Tabela1[[#This Row],[QTE]] -> -2 | R20: =IFERROR(H20*((AA20*0.25)+(AC20*0.25)+(AD20*0.225)+(AE20*0.225)+(AF20*0.05)),"") -> 2 | S20: =IFERROR(H20*AG20,"") -> 2 | T20: =IFERROR(S20-H20,"") -> 0 | U20: =IFERROR(SUMIF('LISTA DE EMBARQUE'!B:B,MICRO!E:E,'LISTA DE EMBARQUE'!G:G),"") -> 2 | V20: =IFERROR(VLOOKUP(Tabela1[[#This Row],[COD.MDE]],'LISTA DE EMBARQUE'!B:L,11,0),"") -> 1 | W20: =IFERROR(VLOOKUP(Tabela1[[#This Row],[COD.MDE]],'LISTA DE EMBARQUE'!B:M,12,0),"") -> 46146 | X20: =IFERROR(Tabela1[[#This Row],[QIANTIDADE EXPEDIDA]]*Tabela1[[#This Row],[PESO UNI]],"") -> 2 | Y20: =U20-C20 -> 0 | Z20: =Tabela1[[#This Row],[PESO TOTAL]]-Tabela1[[#This Row],[Peso Expedido]] -> 0 | AA20: 1 | AB20: 1 | AC20: 1 | AD20: 1 | AE20: 1 | AF20: 1 | AG20: 1 | AH20: 1 | AI20: =IF(Z20<=0,"ok","") -> ok | AK20: =Tabela1[[#This Row],[Coluna1]]&Tabela1[[#This Row],[PEDIDO]] -> P-188 | AO20: =A20&"/"&J20 -> R-9-4-10210/1073-TC-006 | AP20: =Tabela1[[#This Row],[TAG]]&Tabela1[[#This Row],[PEDIDO]]&Tabela1[[#This Row],[PRODUTO]] -> 1073-TC-006P-188ROLOS | AQ20: =Tabela1[[#This Row],[PRODUTO]]&Tabela1[[#This Row],[TAG]] -> ROLOS1073-TC-006 | AR20: =Tabela1[[#This Row],[PEDIDO]]&Tabela1[[#This Row],[PRODUTO]] -> P-188ROLOS | AS20: =IF(AF20="",0,IF(ISTEXT(AF20),H20*VALUE(SUBSTITUTE(AF20,"%",""))/100,H20*AF20))-Tabela1[[#This Row],[PRONTO ACABADO2]] -> 0 | AT20: =IF(AG20="",0,IF(ISTEXT(AG20),H20*VALUE(SUBSTITUTE(AG20,"%",""))/100,H20*AG20))-Tabela1[[#This Row],[PESO EXPEDIDO2]] -> 0 | AU20: =IF(AH20="",0,IF(ISTEXT(AH20),H20*VALUE(SUBSTITUTE(AH20,"%",""))/100,H20*AH20)) -> 2 | AV20: =IF(AG20="",0,IF(ISTEXT(AG20),H20*VALUE(SUBSTITUTE(AG20,"%",""))/100,H20*AG20)) -> 2
A21: R-9-4-10210 | C21: 2 | D21: ROLO GUIA Ø56 X 80 | E21: 3411 | F21: 7 | G21: 1 | H21: =Tabela1[[#This Row],[PESO UNI]]*Tabela1[[#This Row],[QTE]] -> 2 | I21: 0 | J21: 1073-TC-007 | K21: ROLOS | L21: P-188 | M21: 46100 | N21: MDE | Q21: =Tabela1[[#This Row],[QTDE/ Fabricação]]-Tabela1[[#This Row],[QTE]] -> -2 | R21: =IFERROR(H21*((AA21*0.25)+(AC21*0.25)+(AD21*0.225)+(AE21*0.225)+(AF21*0.05)),"") -> 2 | S21: =IFERROR(H21*AG21,"") -> 2 | T21: =IFERROR(S21-H21,"") -> 0 | U21: =IFERROR(SUMIF('LISTA DE EMBARQUE'!B:B,MICRO!E:E,'LISTA DE EMBARQUE'!G:G),"") -> 2 | V21: =IFERROR(VLOOKUP(Tabela1[[#This Row],[COD.MDE]],'LISTA DE EMBARQUE'!B:L,11,0),"") -> 1 | W21: =IFERROR(VLOOKUP(Tabela1[[#This Row],[COD.MDE]],'LISTA DE EMBARQUE'!B:M,12,0),"") -> 46146 | X21: =IFERROR(Tabela1[[#This Row],[QIANTIDADE EXPEDIDA]]*Tabela1[[#This Row],[PESO UNI]],"") -> 2 | Y21: =U21-C21 -> 0 | Z21: =Tabela1[[#This Row],[PESO TOTAL]]-Tabela1[[#This Row],[Peso Expedido]] -> 0 | AA21: 1 | AB21: 1 | AC21: 1 | AD21: 1 | AE21: 1 | AF21: 1 | AG21: 1 | AH21: 1 | AI21: =IF(Z21<=0,"ok","") -> ok | AK21: =Tabela1[[#This Row],[Coluna1]]&Tabela1[[#This Row],[PEDIDO]] -> P-188 | AO21: =A21&"/"&J21 -> R-9-4-10210/1073-TC-007 | AP21: =Tabela1[[#This Row],[TAG]]&Tabela1[[#This Row],[PEDIDO]]&Tabela1[[#This Row],[PRODUTO]] -> 1073-TC-007P-188ROLOS | AQ21: =Tabela1[[#This Row],[PRODUTO]]&Tabela1[[#This Row],[TAG]] -> ROLOS1073-TC-007 | AR21: =Tabela1[[#This Row],[PEDIDO]]&Tabela1[[#This Row],[PRODUTO]] -> P-188ROLOS | AS21: =IF(AF21="",0,IF(ISTEXT(AF21),H21*VALUE(SUBSTITUTE(AF21,"%",""))/100,H21*AF21))-Tabela1[[#This Row],[PRONTO ACABADO2]] -> 0 | AT21: =IF(AG21="",0,IF(ISTEXT(AG21),H21*VALUE(SUBSTITUTE(AG21,"%",""))/100,H21*AG21))-Tabela1[[#This Row],[PESO EXPEDIDO2]] -> 0 | AU21: =IF(AH21="",0,IF(ISTEXT(AH21),H21*VALUE(SUBSTITUTE(AH21,"%",""))/100,H21*AH21)) -> 2 | AV21: =IF(AG21="",0,IF(ISTEXT(AG21),H21*VALUE(SUBSTITUTE(AG21,"%",""))/100,H21*AG21)) -> 2
A22: R-1-4-10944 | C22: 4 | D22: ROLO DE PROTEÇÃO Ø89 X 150 6204 | E22: 3412 | F22: 7 | G22: 2.5 | H22: =Tabela1[[#This Row],[PESO UNI]]*Tabela1[[#This Row],[QTE]] -> 10 | I22: 0 | J22: 1073-TC-006 | K22: ROLOS | L22: P-188 | M22: 46100 | N22: MDE | Q22: =Tabela1[[#This Row],[QTDE/ Fabricação]]-Tabela1[[#This Row],[QTE]] -> -4 | R22: =IFERROR(H22*((AA22*0.25)+(AC22*0.25)+(AD22*0.225)+(AE22*0.225)+(AF22*0.05)),"") -> 10 | S22: =IFERROR(H22*AG22,"") -> 10 | T22: =IFERROR(S22-H22,"") -> 0 | U22: =IFERROR(SUMIF('LISTA DE EMBARQUE'!B:B,MICRO!E:E,'LISTA DE EMBARQUE'!G:G),"") -> 4 | V22: =IFERROR(VLOOKUP(Tabela1[[#This Row],[COD.MDE]],'LISTA DE EMBARQUE'!B:L,11,0),"") -> 1 | W22: =IFERROR(VLOOKUP(Tabela1[[#This Row],[COD.MDE]],'LISTA DE EMBARQUE'!B:M,12,0),"") -> 46146 | X22: =IFERROR(Tabela1[[#This Row],[QIANTIDADE EXPEDIDA]]*Tabela1[[#This Row],[PESO UNI]],"") -> 10 | Y22: =U22-C22 -> 0 | Z22: =Tabela1[[#This Row],[PESO TOTAL]]-Tabela1[[#This Row],[Peso Expedido]] -> 0 | AA22: 1 | AB22: 1 | AC22: 1 | AD22: 1 | AE22: 1 | AF22: 1 | AG22: 1 | AH22: 1 | AI22: =IF(Z22<=0,"ok","") -> ok | AK22: =Tabela1[[#This Row],[Coluna1]]&Tabela1[[#This Row],[PEDIDO]] -> P-188 | AO22: =A22&"/"&J22 -> R-1-4-10944/1073-TC-006 | AP22: =Tabela1[[#This Row],[TAG]]&Tabela1[[#This Row],[PEDIDO]]&Tabela1[[#This Row],[PRODUTO]] -> 1073-TC-006P-188ROLOS | AQ22: =Tabela1[[#This Row],[PRODUTO]]&Tabela1[[#This Row],[TAG]] -> ROLOS1073-TC-006 | AR22: =Tabela1[[#This Row],[PEDIDO]]&Tabela1[[#This Row],[PRODUTO]] -> P-188ROLOS | AS22: =IF(AF22="",0,IF(ISTEXT(AF22),H22*VALUE(SUBSTITUTE(AF22,"%",""))/100,H22*AF22))-Tabela1[[#This Row],[PRONTO ACABADO2]] -> 0 | AT22: =IF(AG22="",0,IF(ISTEXT(AG22),H22*VALUE(SUBSTITUTE(AG22,"%",""))/100,H22*AG22))-Tabela1[[#This Row],[PESO EXPEDIDO2]] -> 0 | AU22: =IF(AH22="",0,IF(ISTEXT(AH22),H22*VALUE(SUBSTITUTE(AH22,"%",""))/100,H22*AH22)) -> 10 | AV22: =IF(AG22="",0,IF(ISTEXT(AG22),H22*VALUE(SUBSTITUTE(AG22,"%",""))/100,H22*AG22)) -> 10
A23: R-1-4-10944 | C23: 4 | D23: ROLO DE PROTEÇÃO Ø89 X 150 6204 | E23: 3413 | F23: 7 | G23: 2.5 | H23: =Tabela1[[#This Row],[PESO UNI]]*Tabela1[[#This Row],[QTE]] -> 10 | I23: 0 | J23: 1073-TC-007 | K23: ROLOS | L23: P-188 | M23: 46100 | N23: MDE | Q23: =Tabela1[[#This Row],[QTDE/ Fabricação]]-Tabela1[[#This Row],[QTE]] -> -4 | R23: =IFERROR(H23*((AA23*0.25)+(AC23*0.25)+(AD23*0.225)+(AE23*0.225)+(AF23*0.05)),"") -> 10 | S23: =IFERROR(H23*AG23,"") -> 10 | T23: =IFERROR(S23-H23,"") -> 0 | U23: =IFERROR(SUMIF('LISTA DE EMBARQUE'!B:B,MICRO!E:E,'LISTA DE EMBARQUE'!G:G),"") -> 4 | V23: =IFERROR(VLOOKUP(Tabela1[[#This Row],[COD.MDE]],'LISTA DE EMBARQUE'!B:L,11,0),"") -> 1 | W23: =IFERROR(VLOOKUP(Tabela1[[#This Row],[COD.MDE]],'LISTA DE EMBARQUE'!B:M,12,0),"") -> 46146 | X23: =IFERROR(Tabela1[[#This Row],[QIANTIDADE EXPEDIDA]]*Tabela1[[#This Row],[PESO UNI]],"") -> 10 | Y23: =U23-C23 -> 0 | Z23: =Tabela1[[#This Row],[PESO TOTAL]]-Tabela1[[#This Row],[Peso Expedido]] -> 0 | AA23: 1 | AB23: 1 | AC23: 1 | AD23: 1 | AE23: 1 | AF23: 1 | AG23: 1 | AH23: 1 | AI23: =IF(Z23<=0,"ok","") -> ok | AK23: =Tabela1[[#This Row],[Coluna1]]&Tabela1[[#This Row],[PEDIDO]] -> P-188 | AO23: =A23&"/"&J23 -> R-1-4-10944/1073-TC-007 | AP23: =Tabela1[[#This Row],[TAG]]&Tabela1[[#This Row],[PEDIDO]]&Tabela1[[#This Row],[PRODUTO]] -> 1073-TC-007P-188ROLOS | AQ23: =Tabela1[[#This Row],[PRODUTO]]&Tabela1[[#This Row],[TAG]] -> ROLOS1073-TC-007 | AR23: =Tabela1[[#This Row],[PEDIDO]]&Tabela1[[#This Row],[PRODUTO]] -> P-188ROLOS | AS23: =IF(AF23="",0,IF(ISTEXT(AF23),H23*VALUE(SUBSTITUTE(AF23,"%",""))/100,H23*AF23))-Tabela1[[#This Row],[PRONTO ACABADO2]] -> 0 | AT23: =IF(AG23="",0,IF(ISTEXT(AG23),H23*VALUE(SUBSTITUTE(AG23,"%",""))/100,H23*AG23))-Tabela1[[#This Row],[PESO EXPEDIDO2]] -> 0 | AU23: =IF(AH23="",0,IF(ISTEXT(AH23),H23*VALUE(SUBSTITUTE(AH23,"%",""))/100,H23*AH23)) -> 10 | AV23: =IF(AG23="",0,IF(ISTEXT(AG23),H23*VALUE(SUBSTITUTE(AG23,"%",""))/100,H23*AG23)) -> 10
A24: R-3-4-10912 | C24: 14 | D24: ROLO DE BALANÇA Ø127 X 380 6305 | E24: 3414 | F24: 7 | G24: 8.5 | H24: =Tabela1[[#This Row],[PESO UNI]]*Tabela1[[#This Row],[QTE]] -> 119 | I24: 0 | J24: 1073-TC-006 | K24: ROLOS | L24: P-188 | M24: 46100 | N24: MDE | Q24: =Tabela1[[#This Row],[QTDE/ Fabricação]]-Tabela1[[#This Row],[QTE]] -> -14 | R24: =IFERROR(H24*((AA24*0.25)+(AC24*0.25)+(AD24*0.225)+(AE24*0.225)+(AF24*0.05)),"") -> 119 | S24: =IFERROR(H24*AG24,"") -> 119 | T24: =IFERROR(S24-H24,"") -> 0 | U24: =IFERROR(SUMIF('LISTA DE EMBARQUE'!B:B,MICRO!E:E,'LISTA DE EMBARQUE'!G:G),"") -> 14 | V24: =IFERROR(VLOOKUP(Tabela1[[#This Row],[COD.MDE]],'LISTA DE EMBARQUE'!B:L,11,0),"") -> 4 | W24: =IFERROR(VLOOKUP(Tabela1[[#This Row],[COD.MDE]],'LISTA DE EMBARQUE'!B:M,12,0),"") -> 46174 | X24: =IFERROR(Tabela1[[#This Row],[QIANTIDADE EXPEDIDA]]*Tabela1[[#This Row],[PESO UNI]],"") -> 119 | Y24: =U24-C24 -> 0 | Z24: =Tabela1[[#This Row],[PESO TOTAL]]-Tabela1[[#This Row],[Peso Expedido]] -> 0 | AA24: 1 | AB24: 1 | AC24: 1 | AD24: 1 | AE24: 1 | AF24: 1 | AG24: 1 | AH24: 1 | AI24: ok | AK24: =Tabela1[[#This Row],[Coluna1]]&Tabela1[[#This Row],[PEDIDO]] -> P-188 | AO24: =A24&"/"&J24 -> R-3-4-10912/1073-TC-006 | AP24: =Tabela1[[#This Row],[TAG]]&Tabela1[[#This Row],[PEDIDO]]&Tabela1[[#This Row],[PRODUTO]] -> 1073-TC-006P-188ROLOS | AQ24: =Tabela1[[#This Row],[PRODUTO]]&Tabela1[[#This Row],[TAG]] -> ROLOS1073-TC-006 | AR24: =Tabela1[[#This Row],[PEDIDO]]&Tabela1[[#This Row],[PRODUTO]] -> P-188ROLOS | AS24: =IF(AF24="",0,IF(ISTEXT(AF24),H24*VALUE(SUBSTITUTE(AF24,"%",""))/100,H24*AF24))-Tabela1[[#This Row],[PRONTO ACABADO2]] -> 0 | AT24: =IF(AG24="",0,IF(ISTEXT(AG24),H24*VALUE(SUBSTITUTE(AG24,"%",""))/100,H24*AG24))-Tabela1[[#This Row],[PESO EXPEDIDO2]] -> 0 | AU24: =IF(AH24="",0,IF(ISTEXT(AH24),H24*VALUE(SUBSTITUTE(AH24,"%",""))/100,H24*AH24)) -> 119 | AV24: =IF(AG24="",0,IF(ISTEXT(AG24),H24*VALUE(SUBSTITUTE(AG24,"%",""))/100,H24*AG24)) -> 119
A25: R-3-4-10912 | C25: 14 | D25: ROLO DE BALANÇA Ø127 X 380 6305 | E25: 3415 | F25: 7 | G25: 8.5 | H25: =Tabela1[[#This Row],[PESO UNI]]*Tabela1[[#This Row],[QTE]] -> 119 | I25: 0 | J25: 1073-TC-007 | K25: ROLOS | L25: P-188 | M25: 46100 | N25: MDE | Q25: =Tabela1[[#This Row],[QTDE/ Fabricação]]-Tabela1[[#This Row],[QTE]] -> -14 | R25: =IFERROR(H25*((AA25*0.25)+(AC25*0.25)+(AD25*0.225)+(AE25*0.225)+(AF25*0.05)),"") -> 119 | S25: =IFERROR(H25*AG25,"") -> 119 | T25: =IFERROR(S25-H25,"") -> 0 | U25: =IFERROR(SUMIF('LISTA DE EMBARQUE'!B:B,MICRO!E:E,'LISTA DE EMBARQUE'!G:G),"") -> 28 | V25: =IFERROR(VLOOKUP(Tabela1[[#This Row],[COD.MDE]],'LISTA DE EMBARQUE'!B:L,11,0),"") -> 4 | W25: =IFERROR(VLOOKUP(Tabela1[[#This Row],[COD.MDE]],'LISTA DE EMBARQUE'!B:M,12,0),"") -> 46174 | X25: =IFERROR(Tabela1[[#This Row],[QIANTIDADE EXPEDIDA]]*Tabela1[[#This Row],[PESO UNI]],"") -> 238 | Y25: =U25-C25 -> 14 | Z25: 0 | AA25: 1 | AB25: 1 | AC25: 1 | AD25: 1 | AE25: 1 | AF25: 1 | AG25: 1 | AH25: 1 | AI25: ok | AK25: =Tabela1[[#This Row],[Coluna1]]&Tabela1[[#This Row],[PEDIDO]] -> P-188 | AO25: =A25&"/"&J25 -> R-3-4-10912/1073-TC-007 | AP25: =Tabela1[[#This Row],[TAG]]&Tabela1[[#This Row],[PEDIDO]]&Tabela1[[#This Row],[PRODUTO]] -> 1073-TC-007P-188ROLOS | AQ25: =Tabela1[[#This Row],[PRODUTO]]&Tabela1[[#This Row],[TAG]] -> ROLOS1073-TC-007 | AR25: =Tabela1[[#This Row],[PEDIDO]]&Tabela1[[#This Row],[PRODUTO]] -> P-188ROLOS | AS25: =IF(AF25="",0,IF(ISTEXT(AF25),H25*VALUE(SUBSTITUTE(AF25,"%",""))/100,H25*AF25))-Tabela1[[#This Row],[PRONTO ACABADO2]] -> 0 | AT25: =IF(AG25="",0,IF(ISTEXT(AG25),H25*VALUE(SUBSTITUTE(AG25,"%",""))/100,H25*AG25))-Tabela1[[#This Row],[PESO EXPEDIDO2]] -> 0 | AU25: =IF(AH25="",0,IF(ISTEXT(AH25),H25*VALUE(SUBSTITUTE(AH25,"%",""))/100,H25*AH25)) -> 119 | AV25: =IF(AG25="",0,IF(ISTEXT(AG25),H25*VALUE(SUBSTITUTE(AG25,"%",""))/100,H25*AG25)) -> 119
A26: R-3-4-7843 | C26: 10 | D26: ROLO DE RETORNO Ø127 / 89 X 1150 - 6305 | E26: 3416 | F26: 7 | G26: 19.8 | H26: =Tabela1[[#This Row],[PESO UNI]]*Tabela1[[#This Row],[QTE]] -> 198 | I26: 0 | J26: 1073-TC-006 | K26: ROLOS | L26: P-188 | M26: 46100 | N26: MDE | Q26: =Tabela1[[#This Row],[QTDE/ Fabricação]]-Tabela1[[#This Row],[QTE]] -> -10 | R26: =IFERROR(H26*((AA26*0.25)+(AC26*0.25)+(AD26*0.225)+(AE26*0.225)+(AF26*0.05)),"") -> 198 | S26: =IFERROR(H26*AG26,"") -> 198 | T26: =IFERROR(S26-H26,"") -> 0 | U26: =IFERROR(SUMIF('LISTA DE EMBARQUE'!B:B,MICRO!E:E,'LISTA DE EMBARQUE'!G:G),"") -> 10 | V26: =IFERROR(VLOOKUP(Tabela1[[#This Row],[COD.MDE]],'LISTA DE EMBARQUE'!B:L,11,0),"") -> 1 | W26: =IFERROR(VLOOKUP(Tabela1[[#This Row],[COD.MDE]],'LISTA DE EMBARQUE'!B:M,12,0),"") -> 46146 | X26: =IFERROR(Tabela1[[#This Row],[QIANTIDADE EXPEDIDA]]*Tabela1[[#This Row],[PESO UNI]],"") -> 198 | Y26: =U26-C26 -> 0 | Z26: =Tabela1[[#This Row],[PESO TOTAL]]-Tabela1[[#This Row],[Peso Expedido]] -> 0 | AA26: 1 | AB26: 1 | AC26: 1 | AD26: 1 | AE26: 1 | AF26: 1 | AG26: 1 | AH26: 1 | AI26: =IF(Z26<=0,"ok","") -> ok | AK26: =Tabela1[[#This Row],[Coluna1]]&Tabela1[[#This Row],[PEDIDO]] -> P-188 | AO26: =A26&"/"&J26 -> R-3-4-7843/1073-TC-006 | AP26: =Tabela1[[#This Row],[TAG]]&Tabela1[[#This Row],[PEDIDO]]&Tabela1[[#This Row],[PRODUTO]] -> 1073-TC-006P-188ROLOS | AQ26: =Tabela1[[#This Row],[PRODUTO]]&Tabela1[[#This Row],[TAG]] -> ROLOS1073-TC-006 | AR26: =Tabela1[[#This Row],[PEDIDO]]&Tabela1[[#This Row],[PRODUTO]] -> P-188ROLOS | AS26: =IF(AF26="",0,IF(ISTEXT(AF26),H26*VALUE(SUBSTITUTE(AF26,"%",""))/100,H26*AF26))-Tabela1[[#This Row],[PRONTO ACABADO2]] -> 0 | AT26: =IF(AG26="",0,IF(ISTEXT(AG26),H26*VALUE(SUBSTITUTE(AG26,"%",""))/100,H26*AG26))-Tabela1[[#This Row],[PESO EXPEDIDO2]] -> 0 | AU26: =IF(AH26="",0,IF(ISTEXT(AH26),H26*VALUE(SUBSTITUTE(AH26,"%",""))/100,H26*AH26)) -> 198 | AV26: =IF(AG26="",0,IF(ISTEXT(AG26),H26*VALUE(SUBSTITUTE(AG26,"%",""))/100,H26*AG26)) -> 198
A27: R-3-4-7843 | C27: 10 | D27: ROLO DE RETORNO Ø127 / 89 X 1150 - 6305 | E27: 3417 | F27: 7 | G27: 19.8 | H27: =Tabela1[[#This Row],[PESO UNI]]*Tabela1[[#This Row],[QTE]] -> 198 | I27: 0 | J27: 1073-TC-007 | K27: ROLOS | L27: P-188 | M27: 46100 | N27: MDE | Q27: =Tabela1[[#This Row],[QTDE/ Fabricação]]-Tabela1[[#This Row],[QTE]] -> -10 | R27: =IFERROR(H27*((AA27*0.25)+(AC27*0.25)+(AD27*0.225)+(AE27*0.225)+(AF27*0.05)),"") -> 198 | S27: =IFERROR(H27*AG27,"") -> 198 | T27: =IFERROR(S27-H27,"") -> 0 | U27: =IFERROR(SUMIF('LISTA DE EMBARQUE'!B:B,MICRO!E:E,'LISTA DE EMBARQUE'!G:G),"") -> 12 | V27: =IFERROR(VLOOKUP(Tabela1[[#This Row],[COD.MDE]],'LISTA DE EMBARQUE'!B:L,11,0),"") -> 1 | W27: =IFERROR(VLOOKUP(Tabela1[[#This Row],[COD.MDE]],'LISTA DE EMBARQUE'!B:M,12,0),"") -> 46146 | X27: =IFERROR(Tabela1[[#This Row],[QIANTIDADE EXPEDIDA]]*Tabela1[[#This Row],[PESO UNI]],"") -> 237.6 | Y27: =U27-C27 -> 2 | Z27: 0 | AA27: 1 | AB27: 1 | AC27: 1 | AD27: 1 | AE27: 1 | AF27: 1 | AG27: 1 | AH27: 1 | AI27: =IF(Z27<=0,"ok","") -> ok | AK27: =Tabela1[[#This Row],[Coluna1]]&Tabela1[[#This Row],[PEDIDO]] -> P-188 | AO27: =A27&"/"&J27 -> R-3-4-7843/1073-TC-007 | AP27: =Tabela1[[#This Row],[TAG]]&Tabela1[[#This Row],[PEDIDO]]&Tabela1[[#This Row],[PRODUTO]] -> 1073-TC-007P-188ROLOS | AQ27: =Tabela1[[#This Row],[PRODUTO]]&Tabela1[[#This Row],[TAG]] -> ROLOS1073-TC-007 | AR27: =Tabela1[[#This Row],[PEDIDO]]&Tabela1[[#This Row],[PRODUTO]] -> P-188ROLOS | AS27: =IF(AF27="",0,IF(ISTEXT(AF27),H27*VALUE(SUBSTITUTE(AF27,"%",""))/100,H27*AF27))-Tabela1[[#This Row],[PRONTO ACABADO2]] -> 0 | AT27: =IF(AG27="",0,IF(ISTEXT(AG27),H27*VALUE(SUBSTITUTE(AG27,"%",""))/100,H27*AG27))-Tabela1[[#This Row],[PESO EXPEDIDO2]] -> 0 | AU27: =IF(AH27="",0,IF(ISTEXT(AH27),H27*VALUE(SUBSTITUTE(AH27,"%",""))/100,H27*AH27)) -> 198 | AV27: =IF(AG27="",0,IF(ISTEXT(AG27),H27*VALUE(SUBSTITUTE(AG27,"%",""))/100,H27*AG27)) -> 198
A28: A-010003-1 | C28: 10 | D28: SAPATA METÁLICA | E28: 3720 | F28: 1 | G28: 97.6 | H28: =Tabela1[[#This Row],[PESO UNI]]*Tabela1[[#This Row],[QTE]] -> 976 | I28: 3 | J28: P200 | K28: ESTRUTURA | L28: P-200 | M28: 46155 | N28: MDE | Q28: =Tabela1[[#This Row],[QTDE/ Fabricação]]-Tabela1[[#This Row],[QTE]] -> -10 | R28: =IFERROR(H28*((AA28*0.25)+(AC28*0.25)+(AD28*0.225)+(AE28*0.225)+(AF28*0.05)),"") -> 976 | S28: =IFERROR(H28*AG28,"") -> 976 | T28: =IFERROR(S28-H28,"") -> 0 | U28: =IFERROR(SUMIF('LISTA DE EMBARQUE'!B:B,MICRO!E:E,'LISTA DE EMBARQUE'!G:G),"") -> 10 | V28: =IFERROR(VLOOKUP(Tabela1[[#This Row],[COD.MDE]],'LISTA DE EMBARQUE'!B:L,11,0),"") -> 1 | W28: =IFERROR(VLOOKUP(Tabela1[[#This Row],[COD.MDE]],'LISTA DE EMBARQUE'!B:M,12,0),"") -> 46209 | X28: =IFERROR(Tabela1[[#This Row],[QIANTIDADE EXPEDIDA]]*Tabela1[[#This Row],[PESO UNI]],"") -> 976 | Y28: =U28-C28 -> 0 | Z28: =Tabela1[[#This Row],[PESO TOTAL]]-Tabela1[[#This Row],[Peso Expedido]] -> 0 | AA28: 1 | AC28: 1 | AD28: 1 | AE28: 1 | AF28: 1 | AG28: 1 | AH28: 1 | AI28: =IF(Z28<=0,"ok","") -> ok | AK28: =Tabela1[[#This Row],[Coluna1]]&Tabela1[[#This Row],[PEDIDO]] -> P-200 | AO28: =A28&"/"&J28 -> A-010003-1/P200 | AP28: =Tabela1[[#This Row],[TAG]]&Tabela1[[#This Row],[PEDIDO]]&Tabela1[[#This Row],[PRODUTO]] -> P200P-200ESTRUTURA | AQ28: =Tabela1[[#This Row],[PRODUTO]]&Tabela1[[#This Row],[TAG]] -> ESTRUTURAP200 | AR28: =Tabela1[[#This Row],[PEDIDO]]&Tabela1[[#This Row],[PRODUTO]] -> P-200ESTRUTURA | AS28: =IF(AF28="",0,IF(ISTEXT(AF28),H28*VALUE(SUBSTITUTE(AF28,"%",""))/100,H28*AF28))-Tabela1[[#This Row],[PRONTO ACABADO2]] -> 0 | AT28: =IF(AG28="",0,IF(ISTEXT(AG28),H28*VALUE(SUBSTITUTE(AG28,"%",""))/100,H28*AG28))-Tabela1[[#This Row],[PESO EXPEDIDO2]] -> 0 | AU28: =IF(AH28="",0,IF(ISTEXT(AH28),H28*VALUE(SUBSTITUTE(AH28,"%",""))/100,H28*AH28)) -> 976 | AV28: =IF(AG28="",0,IF(ISTEXT(AG28),H28*VALUE(SUBSTITUTE(AG28,"%",""))/100,H28*AG28)) -> 976
A29: T-009362-1 | C29: 1 | D29: TAMBOR DE DESVIO Ø457 x 1016 | E29: 3721 | F29: 1 | G29: 213.7 | H29: =Tabela1[[#This Row],[PESO UNI]]*Tabela1[[#This Row],[QTE]] -> 213.7 | I29: A | J29: P201 | K29: TAMBOR | L29: P-201 | M29: 46155 | N29: MDE | Q29: =Tabela1[[#This Row],[QTDE/ Fabricação]]-Tabela1[[#This Row],[QTE]] -> -1 | R29: =IFERROR(H29*((AA29*0.25)+(AC29*0.25)+(AD29*0.225)+(AE29*0.225)+(AF29*0.05)),"") -> 213.7 | S29: =IFERROR(H29*AG29,"") -> 213.7 | T29: =IFERROR(S29-H29,"") -> 0 | U29: 1 | V29: 1 | W29: =IFERROR(VLOOKUP(Tabela1[[#This Row],[COD.MDE]],'LISTA DE EMBARQUE'!B:M,12,0),"") | X29: =IFERROR(Tabela1[[#This Row],[QIANTIDADE EXPEDIDA]]*Tabela1[[#This Row],[PESO UNI]],"") -> 213.7 | Y29: =U29-C29 -> 0 | Z29: =Tabela1[[#This Row],[PESO TOTAL]]-Tabela1[[#This Row],[Peso Expedido]] -> 0 | AA29: 1 | AC29: 1 | AD29: 1 | AE29: 1 | AF29: 1 | AG29: 1 | AH29: 1 | AI29: ok | AK29: =Tabela1[[#This Row],[Coluna1]]&Tabela1[[#This Row],[PEDIDO]] -> P-201 | AO29: =A29&"/"&J29 -> T-009362-1/P201 | AP29: =Tabela1[[#This Row],[TAG]]&Tabela1[[#This Row],[PEDIDO]]&Tabela1[[#This Row],[PRODUTO]] -> P201P-201TAMBOR | AQ29: =Tabela1[[#This Row],[PRODUTO]]&Tabela1[[#This Row],[TAG]] -> TAMBORP201 | AR29: =Tabela1[[#This Row],[PEDIDO]]&Tabela1[[#This Row],[PRODUTO]] -> P-201TAMBOR | AS29: =IF(AF29="",0,IF(ISTEXT(AF29),H29*VALUE(SUBSTITUTE(AF29,"%",""))/100,H29*AF29))-Tabela1[[#This Row],[PRONTO ACABADO2]] -> 0 | AT29: =IF(AG29="",0,IF(ISTEXT(AG29),H29*VALUE(SUBSTITUTE(AG29,"%",""))/100,H29*AG29))-Tabela1[[#This Row],[PESO EXPEDIDO2]] -> 0 | AU29: =IF(AH29="",0,IF(ISTEXT(AH29),H29*VALUE(SUBSTITUTE(AH29,"%",""))/100,H29*AH29)) -> 213.7 | AV29: =IF(AG29="",0,IF(ISTEXT(AG29),H29*VALUE(SUBSTITUTE(AG29,"%",""))/100,H29*AG29)) -> 213.7
A30: R-1-4-10944 | C30: 4 | D30: ROLO PROTEÇÃO Ø89 x 150 6204 | E30: 3722 | F30: 1 | G30: 2.5 | H30: =Tabela1[[#This Row],[PESO UNI]]*Tabela1[[#This Row],[QTE]] -> 10 | I30: 0 | J30: P202 | K30: ROLOS | L30: P-202 | M30: 46162 | N30: MDE | Q30: =Tabela1[[#This Row],[QTDE/ Fabricação]]-Tabela1[[#This Row],[QTE]] -> -4 | R30: =IFERROR(H30*((AA30*0.25)+(AC30*0.25)+(AD30*0.225)+(AE30*0.225)+(AF30*0.05)),"") -> 10 | S30: =IFERROR(H30*AG30,"") -> 10 | T30: =IFERROR(S30-H30,"") -> 0 | U30: =IFERROR(SUMIF('LISTA DE EMBARQUE'!B:B,MICRO!E:E,'LISTA DE EMBARQUE'!G:G),"") -> 4 | V30: =IFERROR(VLOOKUP(Tabela1[[#This Row],[COD.MDE]],'LISTA DE EMBARQUE'!B:L,11,0),"") -> 1 | W30: =IFERROR(VLOOKUP(Tabela1[[#This Row],[COD.MDE]],'LISTA DE EMBARQUE'!B:M,12,0),"") -> 46049 | X30: =IFERROR(Tabela1[[#This Row],[QIANTIDADE EXPEDIDA]]*Tabela1[[#This Row],[PESO UNI]],"") -> 10 | Y30: =U30-C30 -> 0 | Z30: =Tabela1[[#This Row],[PESO TOTAL]]-Tabela1[[#This Row],[Peso Expedido]] -> 0 | AA30: 1 | AB30: 1 | AC30: 1 | AD30: 1 | AE30: 1 | AF30: 1 | AG30: 1 | AH30: 1 | AI30: =IF(Z30<=0,"ok","") -> ok | AK30: =Tabela1[[#This Row],[Coluna1]]&Tabela1[[#This Row],[PEDIDO]] -> P-202 | AO30: =A30&"/"&J30 -> R-1-4-10944/P202 | AP30: =Tabela1[[#This Row],[TAG]]&Tabela1[[#This Row],[PEDIDO]]&Tabela1[[#This Row],[PRODUTO]] -> P202P-202ROLOS | AQ30: =Tabela1[[#This Row],[PRODUTO]]&Tabela1[[#This Row],[TAG]] -> ROLOSP202 | AR30: =Tabela1[[#This Row],[PEDIDO]]&Tabela1[[#This Row],[PRODUTO]] -> P-202ROLOS | AS30: =IF(AF30="",0,IF(ISTEXT(AF30),H30*VALUE(SUBSTITUTE(AF30,"%",""))/100,H30*AF30))-Tabela1[[#This Row],[PRONTO ACABADO2]] -> 0 | AT30: =IF(AG30="",0,IF(ISTEXT(AG30),H30*VALUE(SUBSTITUTE(AG30,"%",""))/100,H30*AG30))-Tabela1[[#This Row],[PESO EXPEDIDO2]] -> 0 | AU30: =IF(AH30="",0,IF(ISTEXT(AH30),H30*VALUE(SUBSTITUTE(AH30,"%",""))/100,H30*AH30)) -> 10 | AV30: =IF(AG30="",0,IF(ISTEXT(AG30),H30*VALUE(SUBSTITUTE(AG30,"%",""))/100,H30*AG30)) -> 10
A31: R-1-4-11002 | C31: 30 | D31: ROLO DE CARGA Ø152 x 530 6305 - 30/25 | E31: 3723 | F31: 1 | G31: 16 | H31: =Tabela1[[#This Row],[PESO UNI]]*Tabela1[[#This Row],[QTE]] -> 480 | I31: 0 | J31: P202 | K31: ROLOS | L31: P-202 | M31: 46162 | N31: MDE | Q31: =Tabela1[[#This Row],[QTDE/ Fabricação]]-Tabela1[[#This Row],[QTE]] -> -30 | R31: =IFERROR(H31*((AA31*0.25)+(AC31*0.25)+(AD31*0.225)+(AE31*0.225)+(AF31*0.05)),"") -> 480 | S31: =IFERROR(H31*AG31,"") -> 480 | T31: =IFERROR(S31-H31,"") -> 0 | U31: =IFERROR(SUMIF('LISTA DE EMBARQUE'!B:B,MICRO!E:E,'LISTA DE EMBARQUE'!G:G),"") -> 30 | V31: =IFERROR(VLOOKUP(Tabela1[[#This Row],[COD.MDE]],'LISTA DE EMBARQUE'!B:L,11,0),"") -> 1 | W31: =IFERROR(VLOOKUP(Tabela1[[#This Row],[COD.MDE]],'LISTA DE EMBARQUE'!B:M,12,0),"") -> 46049 | X31: =IFERROR(Tabela1[[#This Row],[QIANTIDADE EXPEDIDA]]*Tabela1[[#This Row],[PESO UNI]],"") -> 480 | Y31: =U31-C31 -> 0 | Z31: =Tabela1[[#This Row],[PESO TOTAL]]-Tabela1[[#This Row],[Peso Expedido]] -> 0 | AA31: 1 | AB31: 1 | AC31: 1 | AD31: 1 | AE31: 1 | AF31: 1 | AG31: 1 | AH31: 1 | AI31: =IF(Z31<=0,"ok","") -> ok | AK31: =Tabela1[[#This Row],[Coluna1]]&Tabela1[[#This Row],[PEDIDO]] -> P-202 | AO31: =A31&"/"&J31 -> R-1-4-11002/P202 | AP31: =Tabela1[[#This Row],[TAG]]&Tabela1[[#This Row],[PEDIDO]]&Tabela1[[#This Row],[PRODUTO]] -> P202P-202ROLOS | AQ31: =Tabela1[[#This Row],[PRODUTO]]&Tabela1[[#This Row],[TAG]] -> ROLOSP202 | AR31: =Tabela1[[#This Row],[PEDIDO]]&Tabela1[[#This Row],[PRODUTO]] -> P-202ROLOS | AS31: =IF(AF31="",0,IF(ISTEXT(AF31),H31*VALUE(SUBSTITUTE(AF31,"%",""))/100,H31*AF31))-Tabela1[[#This Row],[PRONTO ACABADO2]] -> 0 | AT31: =IF(AG31="",0,IF(ISTEXT(AG31),H31*VALUE(SUBSTITUTE(AG31,"%",""))/100,H31*AG31))-Tabela1[[#This Row],[PESO EXPEDIDO2]] -> 0 | AU31: =IF(AH31="",0,IF(ISTEXT(AH31),H31*VALUE(SUBSTITUTE(AH31,"%",""))/100,H31*AH31)) -> 480 | AV31: =IF(AG31="",0,IF(ISTEXT(AG31),H31*VALUE(SUBSTITUTE(AG31,"%",""))/100,H31*AG31)) -> 480
A32: R-1-4-11003 | C32: 12 | D32: ROLO IMPACTO | E32: 3724 | F32: 1 | G32: 16 | H32: =Tabela1[[#This Row],[PESO UNI]]*Tabela1[[#This Row],[QTE]] -> 192 | I32: 0 | J32: P202 | K32: ROLOS | L32: P-202 | M32: 46162 | N32: MDE | Q32: =Tabela1[[#This Row],[QTDE/ Fabricação]]-Tabela1[[#This Row],[QTE]] -> -12 | R32: =IFERROR(H32*((AA32*0.25)+(AC32*0.25)+(AD32*0.225)+(AE32*0.225)+(AF32*0.05)),"") -> 192 | S32: =IFERROR(H32*AG32,"") -> 192 | T32: =IFERROR(S32-H32,"") -> 0 | U32: =IFERROR(SUMIF('LISTA DE EMBARQUE'!B:B,MICRO!E:E,'LISTA DE EMBARQUE'!G:G),"") -> 12 | V32: =IFERROR(VLOOKUP(Tabela1[[#This Row],[COD.MDE]],'LISTA DE EMBARQUE'!B:L,11,0),"") -> 1 | W32: =IFERROR(VLOOKUP(Tabela1[[#This Row],[COD.MDE]],'LISTA DE EMBARQUE'!B:M,12,0),"") -> 46049 | X32: =IFERROR(Tabela1[[#This Row],[QIANTIDADE EXPEDIDA]]*Tabela1[[#This Row],[PESO UNI]],"") -> 192 | Y32: =U32-C32 -> 0 | Z32: =Tabela1[[#This Row],[PESO TOTAL]]-Tabela1[[#This Row],[Peso Expedido]] -> 0 | AA32: 1 | AB32: 1 | AC32: 1 | AD32: 1 | AE32: 1 | AF32: 1 | AG32: 1 | AH32: 1 | AI32: =IF(Z32<=0,"ok","") -> ok | AK32: =Tabela1[[#This Row],[Coluna1]]&Tabela1[[#This Row],[PEDIDO]] -> P-202 | AO32: =A32&"/"&J32 -> R-1-4-11003/P202 | AP32: =Tabela1[[#This Row],[TAG]]&Tabela1[[#This Row],[PEDIDO]]&Tabela1[[#This Row],[PRODUTO]] -> P202P-202ROLOS | AQ32: =Tabela1[[#This Row],[PRODUTO]]&Tabela1[[#This Row],[TAG]] -> ROLOSP202 | AR32: =Tabela1[[#This Row],[PEDIDO]]&Tabela1[[#This Row],[PRODUTO]] -> P-202ROLOS | AS32: =IF(AF32="",0,IF(ISTEXT(AF32),H32*VALUE(SUBSTITUTE(AF32,"%",""))/100,H32*AF32))-Tabela1[[#This Row],[PRONTO ACABADO2]] -> 0 | AT32: =IF(AG32="",0,IF(ISTEXT(AG32),H32*VALUE(SUBSTITUTE(AG32,"%",""))/100,H32*AG32))-Tabela1[[#This Row],[PESO EXPEDIDO2]] -> 0 | AU32: =IF(AH32="",0,IF(ISTEXT(AH32),H32*VALUE(SUBSTITUTE(AH32,"%",""))/100,H32*AH32)) -> 192 | AV32: =IF(AG32="",0,IF(ISTEXT(AG32),H32*VALUE(SUBSTITUTE(AG32,"%",""))/100,H32*AG32)) -> 192
A33: R-3-4-11004 | C33: 4 | D33: ROLO DE RETORNO | E33: 3725 | F33: 1 | G33: 41 | H33: =Tabela1[[#This Row],[PESO UNI]]*Tabela1[[#This Row],[QTE]] -> 164 | I33: 0 | J33: P202 | K33: ROLOS | L33: P-202 | M33: 46162 | N33: MDE | Q33: =Tabela1[[#This Row],[QTDE/ Fabricação]]-Tabela1[[#This Row],[QTE]] -> -4 | R33: =IFERROR(H33*((AA33*0.25)+(AC33*0.25)+(AD33*0.225)+(AE33*0.225)+(AF33*0.05)),"") -> 164 | S33: =IFERROR(H33*AG33,"") -> 164 | T33: =IFERROR(S33-H33,"") -> 0 | U33: =IFERROR(SUMIF('LISTA DE EMBARQUE'!B:B,MICRO!E:E,'LISTA DE EMBARQUE'!G:G),"") -> 4 | V33: =IFERROR(VLOOKUP(Tabela1[[#This Row],[COD.MDE]],'LISTA DE EMBARQUE'!B:L,11,0),"") -> 1 | W33: =IFERROR(VLOOKUP(Tabela1[[#This Row],[COD.MDE]],'LISTA DE EMBARQUE'!B:M,12,0),"") -> 46049 | X33: =IFERROR(Tabela1[[#This Row],[QIANTIDADE EXPEDIDA]]*Tabela1[[#This Row],[PESO UNI]],"") -> 164 | Y33: =U33-C33 -> 0 | Z33: =Tabela1[[#This Row],[PESO TOTAL]]-Tabela1[[#This Row],[Peso Expedido]] -> 0 | AA33: 1 | AB33: 1 | AC33: 1 | AD33: 1 | AE33: 1 | AF33: 1 | AG33: 1 | AH33: 1 | AI33: =IF(Z33<=0,"ok","") -> ok | AK33: =Tabela1[[#This Row],[Coluna1]]&Tabela1[[#This Row],[PEDIDO]] -> P-202 | AO33: =A33&"/"&J33 -> R-3-4-11004/P202 | AP33: =Tabela1[[#This Row],[TAG]]&Tabela1[[#This Row],[PEDIDO]]&Tabela1[[#This Row],[PRODUTO]] -> P202P-202ROLOS | AQ33: =Tabela1[[#This Row],[PRODUTO]]&Tabela1[[#This Row],[TAG]] -> ROLOSP202 | AR33: =Tabela1[[#This Row],[PEDIDO]]&Tabela1[[#This Row],[PRODUTO]] -> P-202ROLOS | AS33: =IF(AF33="",0,IF(ISTEXT(AF33),H33*VALUE(SUBSTITUTE(AF33,"%",""))/100,H33*AF33))-Tabela1[[#This Row],[PRONTO ACABADO2]] -> 0 | AT33: =IF(AG33="",0,IF(ISTEXT(AG33),H33*VALUE(SUBSTITUTE(AG33,"%",""))/100,H33*AG33))-Tabela1[[#This Row],[PESO EXPEDIDO2]] -> 0 | AU33: =IF(AH33="",0,IF(ISTEXT(AH33),H33*VALUE(SUBSTITUTE(AH33,"%",""))/100,H33*AH33)) -> 164 | AV33: =IF(AG33="",0,IF(ISTEXT(AG33),H33*VALUE(SUBSTITUTE(AG33,"%",""))/100,H33*AG33)) -> 164
A34: R-6-4-5470A | C34: 4 | D34: ROLO GUIA Ø89 X 120 6204 | E34: 3726 | F34: 1 | G34: 1.8 | H34: =Tabela1[[#This Row],[PESO UNI]]*Tabela1[[#This Row],[QTE]] -> 7.2 | I34: 0 | J34: P202 | K34: ROLOS | L34: P-202 | M34: 46162 | N34: MDE | Q34: =Tabela1[[#This Row],[QTDE/ Fabricação]]-Tabela1[[#This Row],[QTE]] -> -4 | R34: =IFERROR(H34*((AA34*0.25)+(AC34*0.25)+(AD34*0.225)+(AE34*0.225)+(AF34*0.05)),"") -> 7.2 | S34: =IFERROR(H34*AG34,"") -> 7.2 | T34: =IFERROR(S34-H34,"") -> 0 | U34: =IFERROR(SUMIF('LISTA DE EMBARQUE'!B:B,MICRO!E:E,'LISTA DE EMBARQUE'!G:G),"") -> 4 | V34: =IFERROR(VLOOKUP(Tabela1[[#This Row],[COD.MDE]],'LISTA DE EMBARQUE'!B:L,11,0),"") -> 1 | W34: =IFERROR(VLOOKUP(Tabela1[[#This Row],[COD.MDE]],'LISTA DE EMBARQUE'!B:M,12,0),"") -> 46049 | X34: =IFERROR(Tabela1[[#This Row],[QIANTIDADE EXPEDIDA]]*Tabela1[[#This Row],[PESO UNI]],"") -> 7.2 | Y34: =U34-C34 -> 0 | Z34: =Tabela1[[#This Row],[PESO TOTAL]]-Tabela1[[#This Row],[Peso Expedido]] -> 0 | AA34: 1 | AB34: 1 | AC34: 1 | AD34: 1 | AE34: 1 | AF34: 1 | AG34: 1 | AH34: 1 | AI34: =IF(Z34<=0,"ok","") -> ok | AK34: =Tabela1[[#This Row],[Coluna1]]&Tabela1[[#This Row],[PEDIDO]] -> P-202 | AO34: =A34&"/"&J34 -> R-6-4-5470A/P202 | AP34: =Tabela1[[#This Row],[TAG]]&Tabela1[[#This Row],[PEDIDO]]&Tabela1[[#This Row],[PRODUTO]] -> P202P-202ROLOS | AQ34: =Tabela1[[#This Row],[PRODUTO]]&Tabela1[[#This Row],[TAG]] -> ROLOSP202 | AR34: =Tabela1[[#This Row],[PEDIDO]]&Tabela1[[#This Row],[PRODUTO]] -> P-202ROLOS | AS34: =IF(AF34="",0,IF(ISTEXT(AF34),H34*VALUE(SUBSTITUTE(AF34,"%",""))/100,H34*AF34))-Tabela1[[#This Row],[PRONTO ACABADO2]] -> 0 | AT34: =IF(AG34="",0,IF(ISTEXT(AG34),H34*VALUE(SUBSTITUTE(AG34,"%",""))/100,H34*AG34))-Tabela1[[#This Row],[PESO EXPEDIDO2]] -> 0 | AU34: =IF(AH34="",0,IF(ISTEXT(AH34),H34*VALUE(SUBSTITUTE(AH34,"%",""))/100,H34*AH34)) -> 7.2 | AV34: =IF(AG34="",0,IF(ISTEXT(AG34),H34*VALUE(SUBSTITUTE(AG34,"%",""))/100,H34*AG34)) -> 7.2
A35: R-3-4-7843 | C35: 5 | D35: ROLO DE RETORNO Ø127/89 x 1150 - 6305 | E35: 3727 | F35: 1 | G35: 19.8 | H35: =Tabela1[[#This Row],[PESO UNI]]*Tabela1[[#This Row],[QTE]] -> 99 | I35: 0 | J35: P203 | K35: ROLOS | L35: P-203 | M35: 46163 | N35: MDE | Q35: =Tabela1[[#This Row],[QTDE/ Fabricação]]-Tabela1[[#This Row],[QTE]] -> -5 | R35: =IFERROR(H35*((AA35*0.25)+(AC35*0.25)+(AD35*0.225)+(AE35*0.225)+(AF35*0.05)),"") -> 99 | S35: =IFERROR(H35*AG35,"") -> 99 | T35: =IFERROR(S35-H35,"") -> 0 | U35: =IFERROR(SUMIF('LISTA DE EMBARQUE'!B:B,MICRO!E:E,'LISTA DE EMBARQUE'!G:G),"") -> 5 | V35: =IFERROR(VLOOKUP(Tabela1[[#This Row],[COD.MDE]],'LISTA DE EMBARQUE'!B:L,11,0),"") -> 1 | W35: =IFERROR(VLOOKUP(Tabela1[[#This Row],[COD.MDE]],'LISTA DE EMBARQUE'!B:M,12,0),"") -> 46238 | X35: =IFERROR(Tabela1[[#This Row],[QIANTIDADE EXPEDIDA]]*Tabela1[[#This Row],[PESO UNI]],"") -> 99 | Y35: =U35-C35 -> 0 | Z35: =Tabela1[[#This Row],[PESO TOTAL]]-Tabela1[[#This Row],[Peso Expedido]] -> 0 | AA35: 1 | AC35: 1 | AD35: 1 | AE35: 1 | AF35: 1 | AG35: 1 | AH35: 1 | AI35: ok | AK35: =Tabela1[[#This Row],[Coluna1]]&Tabela1[[#This Row],[PEDIDO]] -> P-203 | AO35: =A35&"/"&J35 -> R-3-4-7843/P203 | AP35: =Tabela1[[#This Row],[TAG]]&Tabela1[[#This Row],[PEDIDO]]&Tabela1[[#This Row],[PRODUTO]] -> P203P-203ROLOS | AQ35: =Tabela1[[#This Row],[PRODUTO]]&Tabela1[[#This Row],[TAG]] -> ROLOSP203 | AR35: =Tabela1[[#This Row],[PEDIDO]]&Tabela1[[#This Row],[PRODUTO]] -> P-203ROLOS | AS35: =IF(AF35="",0,IF(ISTEXT(AF35),H35*VALUE(SUBSTITUTE(AF35,"%",""))/100,H35*AF35))-Tabela1[[#This Row],[PRONTO ACABADO2]] -> 0 | AT35: =IF(AG35="",0,IF(ISTEXT(AG35),H35*VALUE(SUBSTITUTE(AG35,"%",""))/100,H35*AG35))-Tabela1[[#This Row],[PESO EXPEDIDO2]] -> 0 | AU35: =IF(AH35="",0,IF(ISTEXT(AH35),H35*VALUE(SUBSTITUTE(AH35,"%",""))/100,H35*AH35)) -> 99 | AV35: =IF(AG35="",0,IF(ISTEXT(AG35),H35*VALUE(SUBSTITUTE(AG35,"%",""))/100,H35*AG35)) -> 99
A36: T-009368-1 | C36: 1 | D36: TAMBOR DE DESVIO Ø610 x 1168 | E36: 3732 | F36: 1 | G36: 773.1 | H36: =Tabela1[[#This Row],[PESO UNI]]*Tabela1[[#This Row],[QTE]] -> 773.1 | I36: A | J36: P199 | K36: TAMBOR | L36: P-199 | M36: 46150 | N36: MDE | Q36: =Tabela1[[#This Row],[QTDE/ Fabricação]]-Tabela1[[#This Row],[QTE]] -> -1 | R36: =IFERROR(H36*((AA36*0.25)+(AC36*0.25)+(AD36*0.225)+(AE36*0.225)+(AF36*0.05)),"") -> 773.1 | S36: =IFERROR(H36*AG36,"") -> 773.1 | T36: =IFERROR(S36-H36,"") -> 0 | U36: 1 | V36: 1 | W36: =IFERROR(COUNTIF(#REF!,Tabela1[[#This Row],[Colunas5]]),"") | X36: =Tabela1[[#This Row],[QIANTIDADE EXPEDIDA]]*Tabela1[[#This Row],[PESO UNI]] -> 773.1 | Y36: =U36-C36 -> 0 | Z36: =Tabela1[[#This Row],[PESO TOTAL]]-Tabela1[[#This Row],[Peso Expedido]] -> 0 | AA36: 1 | AB36: 1 | AC36: 1 | AD36: 1 | AE36: 1 | AF36: 1 | AG36: 1 | AH36: 1 | AI36: =IF(Z36<=0,"ok","") -> ok | AK36: =Tabela1[[#This Row],[Coluna1]]&Tabela1[[#This Row],[PEDIDO]] -> P-199 | AO36: =#REF!&"/"&#REF! -> #REF! | AP36: =Tabela1[[#This Row],[TAG]]&Tabela1[[#This Row],[PEDIDO]]&Tabela1[[#This Row],[PRODUTO]] -> P199P-199TAMBOR | AQ36: =Tabela1[[#This Row],[PRODUTO]]&Tabela1[[#This Row],[TAG]] -> TAMBORP199 | AR36: =Tabela1[[#This Row],[PEDIDO]]&Tabela1[[#This Row],[PRODUTO]] -> P-199TAMBOR | AS36: =IF(AF36="",0,IF(ISTEXT(AF36),#REF!*VALUE(SUBSTITUTE(AF36,"%",""))/100,#REF!*AF36))-Tabela1[[#This Row],[PRONTO ACABADO2]] -> #REF! | AT36: =IF(AG36="",0,IF(ISTEXT(AG36),#REF!*VALUE(SUBSTITUTE(AG36,"%",""))/100,#REF!*AG36))-Tabela1[[#This Row],[PESO EXPEDIDO2]] -> #REF! | AU36: =IF(AH36="",0,IF(ISTEXT(AH36),#REF!*VALUE(SUBSTITUTE(AH36,"%",""))/100,#REF!*AH36)) -> #REF! | AV36: =IF(AG36="",0,IF(ISTEXT(AG36),#REF!*VALUE(SUBSTITUTE(AG36,"%",""))/100,#REF!*AG36)) -> #REF!
A37: R-1-4-11009 | C37: 16 | D37: ROLO BALANÇA Ø152 x 380 - 6305 | E37: 3733 | F37: 8 | G37: 9 | H37: =Tabela1[[#This Row],[PESO UNI]]*Tabela1[[#This Row],[QTE]] -> 144 | I37: 0 | J37: 05-CV-0001 | K37: ROLOS | L37: P-198 | M37: 46175 | N37: MDE | Q37: =Tabela1[[#This Row],[QTDE/ Fabricação]]-Tabela1[[#This Row],[QTE]] -> -16 | R37: =IFERROR(H37*((AA37*0.25)+(AC37*0.25)+(AD37*0.225)+(AE37*0.225)+(AF37*0.05)),"") -> 144 | S37: =IFERROR(H37*AG37,"") -> 144 | T37: =IFERROR(S37-H37,"") -> 0 | U37: =IFERROR(SUMIF('LISTA DE EMBARQUE'!B:B,MICRO!E:E,'LISTA DE EMBARQUE'!G:G),"") -> 16 | V37: =IFERROR(VLOOKUP(Tabela1[[#This Row],[COD.MDE]],'LISTA DE EMBARQUE'!B:L,11,0),"") -> 2 | W37: =IFERROR(COUNTIF(#REF!,Tabela1[[#This Row],[Colunas5]]),"") | X37: =Tabela1[[#This Row],[QIANTIDADE EXPEDIDA]]*Tabela1[[#This Row],[PESO UNI]] -> 144 | Y37: =U37-C37 -> 0 | Z37: =Tabela1[[#This Row],[PESO TOTAL]]-Tabela1[[#This Row],[Peso Expedido]] -> 0 | AA37: 1 | AC37: 1 | AD37: 1 | AE37: 1 | AF37: 1 | AG37: 1 | AH37: 1 | AI37: =IF(Z37<=0,"ok","") -> ok | AK37: =Tabela1[[#This Row],[Coluna1]]&Tabela1[[#This Row],[PEDIDO]] -> P-198 | AO37: =A37&"/"&J37 -> R-1-4-11009/05-CV-0001 | AP37: =Tabela1[[#This Row],[TAG]]&Tabela1[[#This Row],[PEDIDO]]&Tabela1[[#This Row],[PRODUTO]] -> 05-CV-0001P-198ROLOS | AQ37: =Tabela1[[#This Row],[PRODUTO]]&Tabela1[[#This Row],[TAG]] -> ROLOS05-CV-0001 | AR37: =Tabela1[[#This Row],[PEDIDO]]&Tabela1[[#This Row],[PRODUTO]] -> P-198ROLOS | AS37: =IF(AF37="",0,IF(ISTEXT(AF37),H37*VALUE(SUBSTITUTE(AF37,"%",""))/100,H37*AF37))-Tabela1[[#This Row],[PRONTO ACABADO2]] -> 0 | AT37: =IF(AG37="",0,IF(ISTEXT(AG37),H37*VALUE(SUBSTITUTE(AG37,"%",""))/100,H37*AG37))-Tabela1[[#This Row],[PESO EXPEDIDO2]] -> 0 | AU37: =IF(AH37="",0,IF(ISTEXT(AH37),H37*VALUE(SUBSTITUTE(AH37,"%",""))/100,H37*AH37)) -> 144 | AV37: =IF(AG37="",0,IF(ISTEXT(AG37),H37*VALUE(SUBSTITUTE(AG37,"%",""))/100,H37*AG37)) -> 144
A38: R-1-4-8850A | C38: 78 | D38: ROLO DE IMPACTO Ø152/102 x 380 - 6305 | E38: 3734 | F38: 8 | G38: 9.5 | H38: =Tabela1[[#This Row],[PESO UNI]]*Tabela1[[#This Row],[QTE]] -> 741 | I38: 0 | J38: 05-CV-0001 | K38: ROLOS | L38: P-198 | M38: 46175 | N38: MDE | Q38: =Tabela1[[#This Row],[QTDE/ Fabricação]]-Tabela1[[#This Row],[QTE]] -> -78 | R38: =IFERROR(H38*((AA38*0.25)+(AC38*0.25)+(AD38*0.225)+(AE38*0.225)+(AF38*0.05)),"") -> 741 | S38: =IFERROR(H38*AG38,"") -> 741 | T38: =IFERROR(S38-H38,"") -> 0 | U38: =IFERROR(SUMIF('LISTA DE EMBARQUE'!B:B,MICRO!E:E,'LISTA DE EMBARQUE'!G:G),"") -> 78 | V38: =IFERROR(VLOOKUP(Tabela1[[#This Row],[COD.MDE]],'LISTA DE EMBARQUE'!B:L,11,0),"") -> 1 | W38: =IFERROR(COUNTIF(#REF!,Tabela1[[#This Row],[Colunas5]]),"") | X38: =Tabela1[[#This Row],[QIANTIDADE EXPEDIDA]]*Tabela1[[#This Row],[PESO UNI]] -> 741 | Y38: =U38-C38 -> 0 | Z38: =Tabela1[[#This Row],[PESO TOTAL]]-Tabela1[[#This Row],[Peso Expedido]] -> 0 | AA38: 1 | AC38: 1 | AD38: 1 | AE38: 1 | AF38: 1 | AG38: 1 | AH38: 1 | AI38: =IF(Z38<=0,"ok","") -> ok | AK38: =Tabela1[[#This Row],[Coluna1]]&Tabela1[[#This Row],[PEDIDO]] -> P-198 | AO38: =A38&"/"&J38 -> R-1-4-8850A/05-CV-0001 | AP38: =Tabela1[[#This Row],[TAG]]&Tabela1[[#This Row],[PEDIDO]]&Tabela1[[#This Row],[PRODUTO]] -> 05-CV-0001P-198ROLOS | AQ38: =Tabela1[[#This Row],[PRODUTO]]&Tabela1[[#This Row],[TAG]] -> ROLOS05-CV-0001 | AR38: =Tabela1[[#This Row],[PEDIDO]]&Tabela1[[#This Row],[PRODUTO]] -> P-198ROLOS | AS38: =IF(AF38="",0,IF(ISTEXT(AF38),H38*VALUE(SUBSTITUTE(AF38,"%",""))/100,H38*AF38))-Tabela1[[#This Row],[PRONTO ACABADO2]] -> 0 | AT38: =IF(AG38="",0,IF(ISTEXT(AG38),H38*VALUE(SUBSTITUTE(AG38,"%",""))/100,H38*AG38))-Tabela1[[#This Row],[PESO EXPEDIDO2]] -> 0 | AU38: =IF(AH38="",0,IF(ISTEXT(AH38),H38*VALUE(SUBSTITUTE(AH38,"%",""))/100,H38*AH38)) -> 741 | AV38: =IF(AG38="",0,IF(ISTEXT(AG38),H38*VALUE(SUBSTITUTE(AG38,"%",""))/100,H38*AG38)) -> 741
A39: R-1-4-8709 | C39: 45 | D39: ROLO DE CARGA Ø152 x 380 - 6305 | E39: 3735 | F39: 8 | G39: 9 | H39: =Tabela1[[#This Row],[PESO UNI]]*Tabela1[[#This Row],[QTE]] -> 405 | I39: 0 | J39: 05-CV-0001 | K39: ROLOS | L39: P-198 | M39: 46175 | N39: MDE | Q39: =Tabela1[[#This Row],[QTDE/ Fabricação]]-Tabela1[[#This Row],[QTE]] -> -45 | R39: =IFERROR(H39*((AA39*0.25)+(AC39*0.25)+(AD39*0.225)+(AE39*0.225)+(AF39*0.05)),"") -> 405 | S39: =IFERROR(H39*AG39,"") -> 405 | T39: =IFERROR(S39-H39,"") -> 0 | U39: =IFERROR(SUMIF('LISTA DE EMBARQUE'!B:B,MICRO!E:E,'LISTA DE EMBARQUE'!G:G),"") -> 45 | V39: =IFERROR(VLOOKUP(Tabela1[[#This Row],[COD.MDE]],'LISTA DE EMBARQUE'!B:L,11,0),"") -> 1 | W39: =IFERROR(COUNTIF(#REF!,Tabela1[[#This Row],[Colunas5]]),"") | X39: =Tabela1[[#This Row],[QIANTIDADE EXPEDIDA]]*Tabela1[[#This Row],[PESO UNI]] -> 405 | Y39: =U39-C39 -> 0 | Z39: =Tabela1[[#This Row],[PESO TOTAL]]-Tabela1[[#This Row],[Peso Expedido]] -> 0 | AA39: 1 | AC39: 1 | AD39: 1 | AE39: 1 | AF39: 1 | AG39: 1 | AH39: 1 | AI39: =IF(Z39<=0,"ok","") -> ok | AK39: =Tabela1[[#This Row],[Coluna1]]&Tabela1[[#This Row],[PEDIDO]] -> P-198 | AO39: =A39&"/"&J39 -> R-1-4-8709/05-CV-0001 | AP39: =Tabela1[[#This Row],[TAG]]&Tabela1[[#This Row],[PEDIDO]]&Tabela1[[#This Row],[PRODUTO]] -> 05-CV-0001P-198ROLOS | AQ39: =Tabela1[[#This Row],[PRODUTO]]&Tabela1[[#This Row],[TAG]] -> ROLOS05-CV-0001 | AR39: =Tabela1[[#This Row],[PEDIDO]]&Tabela1[[#This Row],[PRODUTO]] -> P-198ROLOS | AS39: =IF(AF39="",0,IF(ISTEXT(AF39),H39*VALUE(SUBSTITUTE(AF39,"%",""))/100,H39*AF39))-Tabela1[[#This Row],[PRONTO ACABADO2]] -> 0 | AT39: =IF(AG39="",0,IF(ISTEXT(AG39),H39*VALUE(SUBSTITUTE(AG39,"%",""))/100,H39*AG39))-Tabela1[[#This Row],[PESO EXPEDIDO2]] -> 0 | AU39: =IF(AH39="",0,IF(ISTEXT(AH39),H39*VALUE(SUBSTITUTE(AH39,"%",""))/100,H39*AH39)) -> 405 | AV39: =IF(AG39="",0,IF(ISTEXT(AG39),H39*VALUE(SUBSTITUTE(AG39,"%",""))/100,H39*AG39)) -> 405
A40: T-054922-4 | C40: 4 | D40: ROLO DE PROTEÇÃO Ø89 x 150 - 6204 | E40: 3736 | F40: 8 | G40: 2.7 | H40: =Tabela1[[#This Row],[PESO UNI]]*Tabela1[[#This Row],[QTE]] -> 10.8 | I40: 1 | J40: 05-CV-0001 | K40: ROLOS | L40: P-198 | M40: 46175 | N40: MDE | Q40: =Tabela1[[#This Row],[QTDE/ Fabricação]]-Tabela1[[#This Row],[QTE]] -> -4 | R40: =IFERROR(H40*((AA40*0.25)+(AC40*0.25)+(AD40*0.225)+(AE40*0.225)+(AF40*0.05)),"") -> 10.8 | S40: =IFERROR(H40*AG40,"") -> 10.8 | T40: =IFERROR(S40-H40,"") -> 0 | U40: =IFERROR(SUMIF('LISTA DE EMBARQUE'!B:B,MICRO!E:E,'LISTA DE EMBARQUE'!G:G),"") -> 4 | V40: =IFERROR(VLOOKUP(Tabela1[[#This Row],[COD.MDE]],'LISTA DE EMBARQUE'!B:L,11,0),"") -> 2 | W40: =IFERROR(COUNTIF(#REF!,Tabela1[[#This Row],[Colunas5]]),"") | X40: =Tabela1[[#This Row],[QIANTIDADE EXPEDIDA]]*Tabela1[[#This Row],[PESO UNI]] -> 10.8 | Y40: =U40-C40 -> 0 | Z40: =Tabela1[[#This Row],[PESO TOTAL]]-Tabela1[[#This Row],[Peso Expedido]] -> 0 | AA40: 1 | AC40: 1 | AD40: 1 | AE40: 1 | AF40: 1 | AG40: 1 | AH40: 1 | AI40: =IF(Z40<=0,"ok","") -> ok | AK40: =Tabela1[[#This Row],[Coluna1]]&Tabela1[[#This Row],[PEDIDO]] -> P-198 | AO40: =A40&"/"&J40 -> T-054922-4/05-CV-0001 | AP40: =Tabela1[[#This Row],[TAG]]&Tabela1[[#This Row],[PEDIDO]]&Tabela1[[#This Row],[PRODUTO]] -> 05-CV-0001P-198ROLOS | AQ40: =Tabela1[[#This Row],[PRODUTO]]&Tabela1[[#This Row],[TAG]] -> ROLOS05-CV-0001 | AR40: =Tabela1[[#This Row],[PEDIDO]]&Tabela1[[#This Row],[PRODUTO]] -> P-198ROLOS | AS40: =IF(AF40="",0,IF(ISTEXT(AF40),H40*VALUE(SUBSTITUTE(AF40,"%",""))/100,H40*AF40))-Tabela1[[#This Row],[PRONTO ACABADO2]] -> 0 | AT40: =IF(AG40="",0,IF(ISTEXT(AG40),H40*VALUE(SUBSTITUTE(AG40,"%",""))/100,H40*AG40))-Tabela1[[#This Row],[PESO EXPEDIDO2]] -> 0 | AU40: =IF(AH40="",0,IF(ISTEXT(AH40),H40*VALUE(SUBSTITUTE(AH40,"%",""))/100,H40*AH40)) -> 10.8 | AV40: =IF(AG40="",0,IF(ISTEXT(AG40),H40*VALUE(SUBSTITUTE(AG40,"%",""))/100,H40*AG40)) -> 10.8
A41: R-3-4-11010 | C41: 10 | D41: ROLO DE RETORNO Ø152/102 x 1150 - 6305 | E41: 3737 | F41: 8 | G41: 16 | H41: =Tabela1[[#This Row],[PESO UNI]]*Tabela1[[#This Row],[QTE]] -> 160 | I41: 0 | J41: 05-CV-0001 | K41: ROLOS | L41: P-198 | M41: 46175 | N41: MDE | Q41: =Tabela1[[#This Row],[QTDE/ Fabricação]]-Tabela1[[#This Row],[QTE]] -> -10 | R41: =IFERROR(H41*((AA41*0.25)+(AC41*0.25)+(AD41*0.225)+(AE41*0.225)+(AF41*0.05)),"") -> 160 | S41: =IFERROR(H41*AG41,"") -> 160 | T41: =IFERROR(S41-H41,"") -> 0 | U41: =IFERROR(SUMIF('LISTA DE EMBARQUE'!B:B,MICRO!E:E,'LISTA DE EMBARQUE'!G:G),"") -> 10 | V41: =IFERROR(VLOOKUP(Tabela1[[#This Row],[COD.MDE]],'LISTA DE EMBARQUE'!B:L,11,0),"") -> 1 | W41: =IFERROR(COUNTIF(#REF!,Tabela1[[#This Row],[Colunas5]]),"") | X41: =Tabela1[[#This Row],[QIANTIDADE EXPEDIDA]]*Tabela1[[#This Row],[PESO UNI]] -> 160 | Y41: =U41-C41 -> 0 | Z41: =Tabela1[[#This Row],[PESO TOTAL]]-Tabela1[[#This Row],[Peso Expedido]] -> 0 | AA41: 1 | AC41: 1 | AD41: 1 | AE41: 1 | AF41: 1 | AG41: 1 | AH41: 1 | AI41: =IF(Z41<=0,"ok","") -> ok | AK41: =Tabela1[[#This Row],[Coluna1]]&Tabela1[[#This Row],[PEDIDO]] -> P-198 | AO41: =A41&"/"&J41 -> R-3-4-11010/05-CV-0001 | AP41: =Tabela1[[#This Row],[TAG]]&Tabela1[[#This Row],[PEDIDO]]&Tabela1[[#This Row],[PRODUTO]] -> 05-CV-0001P-198ROLOS | AQ41: =Tabela1[[#This Row],[PRODUTO]]&Tabela1[[#This Row],[TAG]] -> ROLOS05-CV-0001 | AR41: =Tabela1[[#This Row],[PEDIDO]]&Tabela1[[#This Row],[PRODUTO]] -> P-198ROLOS | AS41: =IF(AF41="",0,IF(ISTEXT(AF41),H41*VALUE(SUBSTITUTE(AF41,"%",""))/100,H41*AF41))-Tabela1[[#This Row],[PRONTO ACABADO2]] -> 0 | AT41: =IF(AG41="",0,IF(ISTEXT(AG41),H41*VALUE(SUBSTITUTE(AG41,"%",""))/100,H41*AG41))-Tabela1[[#This Row],[PESO EXPEDIDO2]] -> 0 | AU41: =IF(AH41="",0,IF(ISTEXT(AH41),H41*VALUE(SUBSTITUTE(AH41,"%",""))/100,H41*AH41)) -> 160 | AV41: =IF(AG41="",0,IF(ISTEXT(AG41),H41*VALUE(SUBSTITUTE(AG41,"%",""))/100,H41*AG41)) -> 160
A42: T-054921-4 | C42: 4 | D42: ROLO GUIA Ø63 x 90 - 6204 | E42: 3738 | F42: 8 | G42: 3.2 | H42: =Tabela1[[#This Row],[PESO UNI]]*Tabela1[[#This Row],[QTE]] -> 12.8 | I42: 0 | J42: 05-CV-0001 | K42: ROLOS | L42: P-198 | M42: 46175 | N42: MDE | Q42: =Tabela1[[#This Row],[QTDE/ Fabricação]]-Tabela1[[#This Row],[QTE]] -> -4 | R42: =IFERROR(H42*((AA42*0.25)+(AC42*0.25)+(AD42*0.225)+(AE42*0.225)+(AF42*0.05)),"") -> 12.8 | S42: =IFERROR(H42*AG42,"") -> 12.8 | T42: =IFERROR(S42-H42,"") -> 0 | U42: =IFERROR(SUMIF('LISTA DE EMBARQUE'!B:B,MICRO!E:E,'LISTA DE EMBARQUE'!G:G),"") -> 4 | V42: =IFERROR(VLOOKUP(Tabela1[[#This Row],[COD.MDE]],'LISTA DE EMBARQUE'!B:L,11,0),"") -> 2 | W42: =IFERROR(COUNTIF(#REF!,Tabela1[[#This Row],[Colunas5]]),"") | X42: =Tabela1[[#This Row],[QIANTIDADE EXPEDIDA]]*Tabela1[[#This Row],[PESO UNI]] -> 12.8 | Y42: =U42-C42 -> 0 | Z42: =Tabela1[[#This Row],[PESO TOTAL]]-Tabela1[[#This Row],[Peso Expedido]] -> 0 | AA42: 1 | AC42: 1 | AD42: 1 | AE42: 1 | AF42: 1 | AG42: 1 | AH42: 1 | AI42: =IF(Z42<=0,"ok","") -> ok | AK42: =Tabela1[[#This Row],[Coluna1]]&Tabela1[[#This Row],[PEDIDO]] -> P-198 | AO42: =A42&"/"&J42 -> T-054921-4/05-CV-0001 | AP42: =Tabela1[[#This Row],[TAG]]&Tabela1[[#This Row],[PEDIDO]]&Tabela1[[#This Row],[PRODUTO]] -> 05-CV-0001P-198ROLOS | AQ42: =Tabela1[[#This Row],[PRODUTO]]&Tabela1[[#This Row],[TAG]] -> ROLOS05-CV-0001 | AR42: =Tabela1[[#This Row],[PEDIDO]]&Tabela1[[#This Row],[PRODUTO]] -> P-198ROLOS | AS42: =IF(AF42="",0,IF(ISTEXT(AF42),H42*VALUE(SUBSTITUTE(AF42,"%",""))/100,H42*AF42))-Tabela1[[#This Row],[PRONTO ACABADO2]] -> 0 | AT42: =IF(AG42="",0,IF(ISTEXT(AG42),H42*VALUE(SUBSTITUTE(AG42,"%",""))/100,H42*AG42))-Tabela1[[#This Row],[PESO EXPEDIDO2]] -> 0 | AU42: =IF(AH42="",0,IF(ISTEXT(AH42),H42*VALUE(SUBSTITUTE(AH42,"%",""))/100,H42*AH42)) -> 12.8 | AV42: =IF(AG42="",0,IF(ISTEXT(AG42),H42*VALUE(SUBSTITUTE(AG42,"%",""))/100,H42*AG42)) -> 12.8
A43: T-054922-4 | C43: 4 | D43: ROLO DE PROTEÇÃO Ø89 x 150 - 6204 | E43: 3739 | F43: 11 | G43: 2.7 | H43: =Tabela1[[#This Row],[PESO UNI]]*Tabela1[[#This Row],[QTE]] -> 10.8 | I43: 0 | J43: 14-CV-0001 | K43: ROLOS | L43: P-198 | M43: 46176 | N43: MDE | Q43: =Tabela1[[#This Row],[QTDE/ Fabricação]]-Tabela1[[#This Row],[QTE]] -> -4 | R43: =IFERROR(H43*((AA43*0.25)+(AC43*0.25)+(AD43*0.225)+(AE43*0.225)+(AF43*0.05)),"") -> 10.8 | S43: =IFERROR(H43*AG43,"") -> 10.8 | T43: =IFERROR(S43-H43,"") -> 0 | U43: =IFERROR(SUMIF('LISTA DE EMBARQUE'!B:B,MICRO!E:E,'LISTA DE EMBARQUE'!G:G),"") -> 4 | V43: =IFERROR(VLOOKUP(Tabela1[[#This Row],[COD.MDE]],'LISTA DE EMBARQUE'!B:L,11,0),"") -> 2 | W43: =IFERROR(COUNTIF(#REF!,Tabela1[[#This Row],[Colunas5]]),"") | X43: =Tabela1[[#This Row],[QIANTIDADE EXPEDIDA]]*Tabela1[[#This Row],[PESO UNI]] -> 10.8 | Y43: =U43-C43 -> 0 | Z43: =Tabela1[[#This Row],[PESO TOTAL]]-Tabela1[[#This Row],[Peso Expedido]] -> 0 | AA43: 1 | AC43: 1 | AD43: 1 | AE43: 1 | AF43: 1 | AG43: 1 | AH43: 1 | AI43: =IF(Z43<=0,"ok","") -> ok | AK43: =Tabela1[[#This Row],[Coluna1]]&Tabela1[[#This Row],[PEDIDO]] -> P-198 | AO43: =A43&"/"&J43 -> T-054922-4/14-CV-0001 | AP43: =Tabela1[[#This Row],[TAG]]&Tabela1[[#This Row],[PEDIDO]]&Tabela1[[#This Row],[PRODUTO]] -> 14-CV-0001P-198ROLOS | AQ43: =Tabela1[[#This Row],[PRODUTO]]&Tabela1[[#This Row],[TAG]] -> ROLOS14-CV-0001 | AR43: =Tabela1[[#This Row],[PEDIDO]]&Tabela1[[#This Row],[PRODUTO]] -> P-198ROLOS | AS43: =IF(AF43="",0,IF(ISTEXT(AF43),H43*VALUE(SUBSTITUTE(AF43,"%",""))/100,H43*AF43))-Tabela1[[#This Row],[PRONTO ACABADO2]] -> 0 | AT43: =IF(AG43="",0,IF(ISTEXT(AG43),H43*VALUE(SUBSTITUTE(AG43,"%",""))/100,H43*AG43))-Tabela1[[#This Row],[PESO EXPEDIDO2]] -> 0 | AU43: =IF(AH43="",0,IF(ISTEXT(AH43),H43*VALUE(SUBSTITUTE(AH43,"%",""))/100,H43*AH43)) -> 10.8 | AV43: =IF(AG43="",0,IF(ISTEXT(AG43),H43*VALUE(SUBSTITUTE(AG43,"%",""))/100,H43*AG43)) -> 10.8
A44: T-054921-4 | C44: 4 | D44: ROLO GUIA Ø63 x 90 - 6204 | E44: 3740 | F44: 11 | G44: 3.2 | H44: =Tabela1[[#This Row],[PESO UNI]]*Tabela1[[#This Row],[QTE]] -> 12.8 | I44: 0 | J44: 14-CV-0001 | K44: ROLOS | L44: P-198 | M44: 46176 | N44: MDE | Q44: =Tabela1[[#This Row],[QTDE/ Fabricação]]-Tabela1[[#This Row],[QTE]] -> -4 | R44: =IFERROR(H44*((AA44*0.25)+(AC44*0.25)+(AD44*0.225)+(AE44*0.225)+(AF44*0.05)),"") -> 12.8 | S44: =IFERROR(H44*AG44,"") -> 12.8 | T44: =IFERROR(S44-H44,"") -> 0 | U44: =IFERROR(SUMIF('LISTA DE EMBARQUE'!B:B,MICRO!E:E,'LISTA DE EMBARQUE'!G:G),"") -> 4 | V44: =IFERROR(VLOOKUP(Tabela1[[#This Row],[COD.MDE]],'LISTA DE EMBARQUE'!B:L,11,0),"") -> 2 | W44: =IFERROR(COUNTIF(#REF!,Tabela1[[#This Row],[Colunas5]]),"") | X44: =Tabela1[[#This Row],[QIANTIDADE EXPEDIDA]]*Tabela1[[#This Row],[PESO UNI]] -> 12.8 | Y44: =U44-C44 -> 0 | Z44: =Tabela1[[#This Row],[PESO TOTAL]]-Tabela1[[#This Row],[Peso Expedido]] -> 0 | AA44: 1 | AC44: 1 | AD44: 1 | AE44: 1 | AF44: 1 | AG44: 1 | AH44: 1 | AI44: =IF(Z44<=0,"ok","") -> ok | AK44: =Tabela1[[#This Row],[Coluna1]]&Tabela1[[#This Row],[PEDIDO]] -> P-198 | AO44: =A44&"/"&J44 -> T-054921-4/14-CV-0001 | AP44: =Tabela1[[#This Row],[TAG]]&Tabela1[[#This Row],[PEDIDO]]&Tabela1[[#This Row],[PRODUTO]] -> 14-CV-0001P-198ROLOS | AQ44: =Tabela1[[#This Row],[PRODUTO]]&Tabela1[[#This Row],[TAG]] -> ROLOS14-CV-0001 | AR44: =Tabela1[[#This Row],[PEDIDO]]&Tabela1[[#This Row],[PRODUTO]] -> P-198ROLOS | AS44: =IF(AF44="",0,IF(ISTEXT(AF44),H44*VALUE(SUBSTITUTE(AF44,"%",""))/100,H44*AF44))-Tabela1[[#This Row],[PRONTO ACABADO2]] -> 0 | AT44: =IF(AG44="",0,IF(ISTEXT(AG44),H44*VALUE(SUBSTITUTE(AG44,"%",""))/100,H44*AG44))-Tabela1[[#This Row],[PESO EXPEDIDO2]] -> 0 | AU44: =IF(AH44="",0,IF(ISTEXT(AH44),H44*VALUE(SUBSTITUTE(AH44,"%",""))/100,H44*AH44)) -> 12.8 | AV44: =IF(AG44="",0,IF(ISTEXT(AG44),H44*VALUE(SUBSTITUTE(AG44,"%",""))/100,H44*AG44)) -> 12.8
A45: R-3-4-11011 | C45: 32 | D45: ROLO DE RETORNO Ø152/102 x 670 - 6306 | E45: 3741 | F45: 11 | G45: 18 | H45: =Tabela1[[#This Row],[PESO UNI]]*Tabela1[[#This Row],[QTE]] -> 576 | I45: 0 | J45: 14-CV-0001 | K45: ROLOS | L45: P-198 | M45: 46176 | N45: MDE | Q45: =Tabela1[[#This Row],[QTDE/ Fabricação]]-Tabela1[[#This Row],[QTE]] -> -32 | R45: =IFERROR(H45*((AA45*0.25)+(AC45*0.25)+(AD45*0.225)+(AE45*0.225)+(AF45*0.05)),"") -> 576 | S45: =IFERROR(H45*AG45,"") -> 576 | T45: =IFERROR(S45-H45,"") -> 0 | U45: =IFERROR(SUMIF('LISTA DE EMBARQUE'!B:B,MICRO!E:E,'LISTA DE EMBARQUE'!G:G),"") -> 32 | V45: =IFERROR(VLOOKUP(Tabela1[[#This Row],[COD.MDE]],'LISTA DE EMBARQUE'!B:L,11,0),"") -> 2 | W45: =IFERROR(COUNTIF(#REF!,Tabela1[[#This Row],[Colunas5]]),"") | X45: =Tabela1[[#This Row],[QIANTIDADE EXPEDIDA]]*Tabela1[[#This Row],[PESO UNI]] -> 576 | Y45: =U45-C45 -> 0 | Z45: =Tabela1[[#This Row],[PESO TOTAL]]-Tabela1[[#This Row],[Peso Expedido]] -> 0 | AA45: 1 | AC45: 1 | AD45: 1 | AE45: 1 | AF45: 1 | AG45: 1 | AH45: 1 | AI45: =IF(Z45<=0,"ok","") -> ok | AK45: =Tabela1[[#This Row],[Coluna1]]&Tabela1[[#This Row],[PEDIDO]] -> P-198 | AO45: =A45&"/"&J45 -> R-3-4-11011/14-CV-0001 | AP45: =Tabela1[[#This Row],[TAG]]&Tabela1[[#This Row],[PEDIDO]]&Tabela1[[#This Row],[PRODUTO]] -> 14-CV-0001P-198ROLOS | AQ45: =Tabela1[[#This Row],[PRODUTO]]&Tabela1[[#This Row],[TAG]] -> ROLOS14-CV-0001 | AR45: =Tabela1[[#This Row],[PEDIDO]]&Tabela1[[#This Row],[PRODUTO]] -> P-198ROLOS | AS45: =IF(AF45="",0,IF(ISTEXT(AF45),H45*VALUE(SUBSTITUTE(AF45,"%",""))/100,H45*AF45))-Tabela1[[#This Row],[PRONTO ACABADO2]] -> 0 | AT45: =IF(AG45="",0,IF(ISTEXT(AG45),H45*VALUE(SUBSTITUTE(AG45,"%",""))/100,H45*AG45))-Tabela1[[#This Row],[PESO EXPEDIDO2]] -> 0 | AU45: =IF(AH45="",0,IF(ISTEXT(AH45),H45*VALUE(SUBSTITUTE(AH45,"%",""))/100,H45*AH45)) -> 576 | AV45: =IF(AG45="",0,IF(ISTEXT(AG45),H45*VALUE(SUBSTITUTE(AG45,"%",""))/100,H45*AG45)) -> 576
A46: R-1-4-11012 | C46: 6 | D46: ROLO DE CARGA Ø152x465 - 6306 INOX (ROLO DO EXTRATOR EM AÇO INOX) | E46: 3742 | F46: 11 | G46: 16 | H46: =Tabela1[[#This Row],[PESO UNI]]*Tabela1[[#This Row],[QTE]] -> 96 | I46: 0 | J46: 14-CV-0001 | K46: ROLOS | L46: P-198 | M46: 46176 | N46: MDE | Q46: =Tabela1[[#This Row],[QTDE/ Fabricação]]-Tabela1[[#This Row],[QTE]] -> -6 | R46: =IFERROR(H46*((AA46*0.25)+(AC46*0.25)+(AD46*0.225)+(AE46*0.225)+(AF46*0.05)),"") -> 96 | S46: =IFERROR(H46*AG46,"") -> 96 | T46: =IFERROR(S46-H46,"") -> 0 | U46: =IFERROR(SUMIF('LISTA DE EMBARQUE'!B:B,MICRO!E:E,'LISTA DE EMBARQUE'!G:G),"") -> 6 | V46: =IFERROR(VLOOKUP(Tabela1[[#This Row],[COD.MDE]],'LISTA DE EMBARQUE'!B:L,11,0),"") -> 1 | W46: =IFERROR(COUNTIF(#REF!,Tabela1[[#This Row],[Colunas5]]),"") | X46: =Tabela1[[#This Row],[QIANTIDADE EXPEDIDA]]*Tabela1[[#This Row],[PESO UNI]] -> 96 | Y46: =U46-C46 -> 0 | Z46: =Tabela1[[#This Row],[PESO TOTAL]]-Tabela1[[#This Row],[Peso Expedido]] -> 0 | AA46: 1 | AC46: 1 | AD46: 1 | AE46: 1 | AF46: 1 | AG46: 1 | AH46: 1 | AI46: =IF(Z46<=0,"ok","") -> ok | AK46: =Tabela1[[#This Row],[Coluna1]]&Tabela1[[#This Row],[PEDIDO]] -> P-198 | AO46: =A46&"/"&J46 -> R-1-4-11012/14-CV-0001 | AP46: =Tabela1[[#This Row],[TAG]]&Tabela1[[#This Row],[PEDIDO]]&Tabela1[[#This Row],[PRODUTO]] -> 14-CV-0001P-198ROLOS | AQ46: =Tabela1[[#This Row],[PRODUTO]]&Tabela1[[#This Row],[TAG]] -> ROLOS14-CV-0001 | AR46: =Tabela1[[#This Row],[PEDIDO]]&Tabela1[[#This Row],[PRODUTO]] -> P-198ROLOS | AS46: =IF(AF46="",0,IF(ISTEXT(AF46),H46*VALUE(SUBSTITUTE(AF46,"%",""))/100,H46*AF46))-Tabela1[[#This Row],[PRONTO ACABADO2]] -> 0 | AT46: =IF(AG46="",0,IF(ISTEXT(AG46),H46*VALUE(SUBSTITUTE(AG46,"%",""))/100,H46*AG46))-Tabela1[[#This Row],[PESO EXPEDIDO2]] -> 0 | AU46: =IF(AH46="",0,IF(ISTEXT(AH46),H46*VALUE(SUBSTITUTE(AH46,"%",""))/100,H46*AH46)) -> 96 | AV46: =IF(AG46="",0,IF(ISTEXT(AG46),H46*VALUE(SUBSTITUTE(AG46,"%",""))/100,H46*AG46)) -> 96
A47: R-1-4-8742A | C47: 21 | D47: ROLO DE IMPACTO Ø152x465 - 6306 | E47: 3743 | F47: 11 | G47: 17 | H47: =Tabela1[[#This Row],[PESO UNI]]*Tabela1[[#This Row],[QTE]] -> 357 | I47: 0 | J47: 14-CV-0001 | K47: ROLOS | L47: P-198 | M47: 46176 | N47: MDE | Q47: =Tabela1[[#This Row],[QTDE/ Fabricação]]-Tabela1[[#This Row],[QTE]] -> -21 | R47: =IFERROR(H47*((AA47*0.25)+(AC47*0.25)+(AD47*0.225)+(AE47*0.225)+(AF47*0.05)),"") -> 357 | S47: =IFERROR(H47*AG47,"") -> 357 | T47: =IFERROR(S47-H47,"") -> 0 | U47: =IFERROR(SUMIF('LISTA DE EMBARQUE'!B:B,MICRO!E:E,'LISTA DE EMBARQUE'!G:G),"") -> 21 | V47: =IFERROR(VLOOKUP(Tabela1[[#This Row],[COD.MDE]],'LISTA DE EMBARQUE'!B:L,11,0),"") -> 1 | W47: =IFERROR(COUNTIF(#REF!,Tabela1[[#This Row],[Colunas5]]),"") | X47: =Tabela1[[#This Row],[QIANTIDADE EXPEDIDA]]*Tabela1[[#This Row],[PESO UNI]] -> 357 | Y47: =U47-C47 -> 0 | Z47: =Tabela1[[#This Row],[PESO TOTAL]]-Tabela1[[#This Row],[Peso Expedido]] -> 0 | AA47: 1 | AC47: 1 | AD47: 1 | AE47: 1 | AF47: 1 | AG47: 1 | AH47: 1 | AI47: =IF(Z47<=0,"ok","") -> ok | AK47: =Tabela1[[#This Row],[Coluna1]]&Tabela1[[#This Row],[PEDIDO]] -> P-198 | AO47: =A47&"/"&J47 -> R-1-4-8742A/14-CV-0001 | AP47: =Tabela1[[#This Row],[TAG]]&Tabela1[[#This Row],[PEDIDO]]&Tabela1[[#This Row],[PRODUTO]] -> 14-CV-0001P-198ROLOS | AQ47: =Tabela1[[#This Row],[PRODUTO]]&Tabela1[[#This Row],[TAG]] -> ROLOS14-CV-0001 | AR47: =Tabela1[[#This Row],[PEDIDO]]&Tabela1[[#This Row],[PRODUTO]] -> P-198ROLOS | AS47: =IF(AF47="",0,IF(ISTEXT(AF47),H47*VALUE(SUBSTITUTE(AF47,"%",""))/100,H47*AF47))-Tabela1[[#This Row],[PRONTO ACABADO2]] -> 0 | AT47: =IF(AG47="",0,IF(ISTEXT(AG47),H47*VALUE(SUBSTITUTE(AG47,"%",""))/100,H47*AG47))-Tabela1[[#This Row],[PESO EXPEDIDO2]] -> 0 | AU47: =IF(AH47="",0,IF(ISTEXT(AH47),H47*VALUE(SUBSTITUTE(AH47,"%",""))/100,H47*AH47)) -> 357 | AV47: =IF(AG47="",0,IF(ISTEXT(AG47),H47*VALUE(SUBSTITUTE(AG47,"%",""))/100,H47*AG47)) -> 357
A48: R-1-4-8465 | C48: 24 | D48: ROLO DE BALANÇA Ø152x465 - 6306 | E48: 3744 | F48: 11 | G48: 16 | H48: =Tabela1[[#This Row],[PESO UNI]]*Tabela1[[#This Row],[QTE]] -> 384 | I48: 0 | J48: 14-CV-0001 | K48: ROLOS | L48: P-198 | M48: 46176 | N48: MDE | Q48: =Tabela1[[#This Row],[QTDE/ Fabricação]]-Tabela1[[#This Row],[QTE]] -> -24 | R48: =IFERROR(H48*((AA48*0.25)+(AC48*0.25)+(AD48*0.225)+(AE48*0.225)+(AF48*0.05)),"") -> 384 | S48: =IFERROR(H48*AG48,"") -> 384 | T48: =IFERROR(S48-H48,"") -> 0 | U48: =IFERROR(SUMIF('LISTA DE EMBARQUE'!B:B,MICRO!E:E,'LISTA DE EMBARQUE'!G:G),"") -> 24 | V48: =IFERROR(VLOOKUP(Tabela1[[#This Row],[COD.MDE]],'LISTA DE EMBARQUE'!B:L,11,0),"") -> 1 | W48: =IFERROR(COUNTIF(#REF!,Tabela1[[#This Row],[Colunas5]]),"") | X48: =Tabela1[[#This Row],[QIANTIDADE EXPEDIDA]]*Tabela1[[#This Row],[PESO UNI]] -> 384 | Y48: =U48-C48 -> 0 | Z48: =Tabela1[[#This Row],[PESO TOTAL]]-Tabela1[[#This Row],[Peso Expedido]] -> 0 | AA48: 1 | AC48: 1 | AD48: 1 | AE48: 1 | AF48: 1 | AG48: 1 | AH48: 1 | AI48: =IF(Z48<=0,"ok","") -> ok | AK48: =Tabela1[[#This Row],[Coluna1]]&Tabela1[[#This Row],[PEDIDO]] -> P-198 | AO48: =A48&"/"&J48 -> R-1-4-8465/14-CV-0001 | AP48: =Tabela1[[#This Row],[TAG]]&Tabela1[[#This Row],[PEDIDO]]&Tabela1[[#This Row],[PRODUTO]] -> 14-CV-0001P-198ROLOS | AQ48: =Tabela1[[#This Row],[PRODUTO]]&Tabela1[[#This Row],[TAG]] -> ROLOS14-CV-0001 | AR48: =Tabela1[[#This Row],[PEDIDO]]&Tabela1[[#This Row],[PRODUTO]] -> P-198ROLOS | AS48: =IF(AF48="",0,IF(ISTEXT(AF48),H48*VALUE(SUBSTITUTE(AF48,"%",""))/100,H48*AF48))-Tabela1[[#This Row],[PRONTO ACABADO2]] -> 0 | AT48: =IF(AG48="",0,IF(ISTEXT(AG48),H48*VALUE(SUBSTITUTE(AG48,"%",""))/100,H48*AG48))-Tabela1[[#This Row],[PESO EXPEDIDO2]] -> 0 | AU48: =IF(AH48="",0,IF(ISTEXT(AH48),H48*VALUE(SUBSTITUTE(AH48,"%",""))/100,H48*AH48)) -> 384 | AV48: =IF(AG48="",0,IF(ISTEXT(AG48),H48*VALUE(SUBSTITUTE(AG48,"%",""))/100,H48*AG48)) -> 384
A49: R-1-4-8430A | C49: 132 | D49: ROLO DE CARGA Ø152x465 - 6306 | E49: 3745 | F49: 11 | G49: 16 | H49: =Tabela1[[#This Row],[PESO UNI]]*Tabela1[[#This Row],[QTE]] -> 2112 | I49: 0 | J49: 14-CV-0001 | K49: ROLOS | L49: P-198 | M49: 46176 | N49: MDE | Q49: =Tabela1[[#This Row],[QTDE/ Fabricação]]-Tabela1[[#This Row],[QTE]] -> -132 | R49: =IFERROR(H49*((AA49*0.25)+(AC49*0.25)+(AD49*0.225)+(AE49*0.225)+(AF49*0.05)),"") -> 2112 | S49: =IFERROR(H49*AG49,"") -> 2112 | T49: =IFERROR(S49-H49,"") -> 0 | U49: =IFERROR(SUMIF('LISTA DE EMBARQUE'!B:B,MICRO!E:E,'LISTA DE EMBARQUE'!G:G),"") -> 132 | V49: =IFERROR(VLOOKUP(Tabela1[[#This Row],[COD.MDE]],'LISTA DE EMBARQUE'!B:L,11,0),"") -> 2 | W49: =IFERROR(COUNTIF(#REF!,Tabela1[[#This Row],[Colunas5]]),"") | X49: =Tabela1[[#This Row],[QIANTIDADE EXPEDIDA]]*Tabela1[[#This Row],[PESO UNI]] -> 2112 | Y49: =U49-C49 -> 0 | Z49: =Tabela1[[#This Row],[PESO TOTAL]]-Tabela1[[#This Row],[Peso Expedido]] -> 0 | AA49: 1 | AC49: 1 | AD49: 1 | AE49: 1 | AF49: 1 | AG49: 1 | AH49: 1 | AI49: =IF(Z49<=0,"ok","") -> ok | AK49: =Tabela1[[#This Row],[Coluna1]]&Tabela1[[#This Row],[PEDIDO]] -> P-198 | AO49: =A49&"/"&J49 -> R-1-4-8430A/14-CV-0001 | AP49: =Tabela1[[#This Row],[TAG]]&Tabela1[[#This Row],[PEDIDO]]&Tabela1[[#This Row],[PRODUTO]] -> 14-CV-0001P-198ROLOS | AQ49: =Tabela1[[#This Row],[PRODUTO]]&Tabela1[[#This Row],[TAG]] -> ROLOS14-CV-0001 | AR49: =Tabela1[[#This Row],[PEDIDO]]&Tabela1[[#This Row],[PRODUTO]] -> P-198ROLOS | AS49: =IF(AF49="",0,IF(ISTEXT(AF49),H49*VALUE(SUBSTITUTE(AF49,"%",""))/100,H49*AF49))-Tabela1[[#This Row],[PRONTO ACABADO2]] -> 0 | AT49: =IF(AG49="",0,IF(ISTEXT(AG49),H49*VALUE(SUBSTITUTE(AG49,"%",""))/100,H49*AG49))-Tabela1[[#This Row],[PESO EXPEDIDO2]] -> 0 | AU49: =IF(AH49="",0,IF(ISTEXT(AH49),H49*VALUE(SUBSTITUTE(AH49,"%",""))/100,H49*AH49)) -> 2112 | AV49: =IF(AG49="",0,IF(ISTEXT(AG49),H49*VALUE(SUBSTITUTE(AG49,"%",""))/100,H49*AG49)) -> 2112
A50: T-073197-1 | B50: MI-D-148-ME-DF-0026 | C50: 2 | D50: ALIMENTADOR DE CORREIA - APOIO 73197-A | E50: 3746 | F50: 15 | G50: 34.2 | H50: =Tabela1[[#This Row],[PESO UNI]]*Tabela1[[#This Row],[QTE]] -> 68.4 | I50: 2-09/07/2026 | J50: 05-CV-0001 | K50: ESTRUTURA | L50: P-198 | M50: 46178 | N50: MDE | Q50: =Tabela1[[#This Row],[QTDE/ Fabricação]]-Tabela1[[#This Row],[QTE]] -> -2 | R50: =IFERROR(H50*((AA50*0.25)+(AC50*0.25)+(AD50*0.225)+(AE50*0.225)+(AF50*0.05)),"") -> 68.4 | S50: =IFERROR(H50*AG50,"") -> 68.4 | T50: =IFERROR(S50-H50,"") -> 0 | U50: =IFERROR(SUMIF('LISTA DE EMBARQUE'!B:B,MICRO!E:E,'LISTA DE EMBARQUE'!G:G),"") -> 0 | V50: =IFERROR(VLOOKUP(Tabela1[[#This Row],[COD.MDE]],'LISTA DE EMBARQUE'!B:L,11,0),"") | W50: =IFERROR(COUNTIF(#REF!,Tabela1[[#This Row],[Colunas5]]),"") | X50: =Tabela1[[#This Row],[QIANTIDADE EXPEDIDA]]*Tabela1[[#This Row],[PESO UNI]] -> 0 | Y50: =U50-C50 -> -2 | Z50: =Tabela1[[#This Row],[PESO TOTAL]]-Tabela1[[#This Row],[Peso Expedido]] -> 68.4 | AA50: 1 | AC50: 1 | AD50: 1 | AE50: 1 | AF50: 1 | AG50: 1 | AI50: =IF(Z50<=0,"ok","") | AK50: =Tabela1[[#This Row],[Coluna1]]&Tabela1[[#This Row],[PEDIDO]] -> P-198 | AO50: =A50&"/"&J50 -> T-073197-1/05-CV-0001 | AP50: =Tabela1[[#This Row],[TAG]]&Tabela1[[#This Row],[PEDIDO]]&Tabela1[[#This Row],[PRODUTO]] -> 05-CV-0001P-198ESTRUTURA | AQ50: =Tabela1[[#This Row],[PRODUTO]]&Tabela1[[#This Row],[TAG]] -> ESTRUTURA05-CV-0001 | AR50: =Tabela1[[#This Row],[PEDIDO]]&Tabela1[[#This Row],[PRODUTO]] -> P-198ESTRUTURA | AS50: =IF(AF50="",0,IF(ISTEXT(AF50),H50*VALUE(SUBSTITUTE(AF50,"%",""))/100,H50*AF50))-Tabela1[[#This Row],[PRONTO ACABADO2]] -> 0 | AT50: =IF(AG50="",0,IF(ISTEXT(AG50),H50*VALUE(SUBSTITUTE(AG50,"%",""))/100,H50*AG50))-Tabela1[[#This Row],[PESO EXPEDIDO2]] -> 68.4 | AU50: =IF(AH50="",0,IF(ISTEXT(AH50),H50*VALUE(SUBSTITUTE(AH50,"%",""))/100,H50*AH50)) -> 0 | AV50: =IF(AG50="",0,IF(ISTEXT(AG50),H50*VALUE(SUBSTITUTE(AG50,"%",""))/100,H50*AG50)) -> 68.4
A51: T-073197-1 | B51: MI-D-148-ME-DF-0026 | C51: 2 | D51: ALIMENTADOR DE CORREIA - TIRANTE 73197-B | E51: 3747 | F51: 15 | G51: 18.6 | H51: =Tabela1[[#This Row],[PESO UNI]]*Tabela1[[#This Row],[QTE]] -> 37.2 | I51: 2-09/07/2026 | J51: 05-CV-0001 | K51: ESTRUTURA | L51: P-198 | M51: 46178 | N51: MDE | Q51: =Tabela1[[#This Row],[QTDE/ Fabricação]]-Tabela1[[#This Row],[QTE]] -> -2 | R51: =IFERROR(H51*((AA51*0.25)+(AC51*0.25)+(AD51*0.225)+(AE51*0.225)+(AF51*0.05)),"") -> 27.9 | S51: =IFERROR(H51*AG51,"") -> 18.6 | T51: =IFERROR(S51-H51,"") -> -18.6 | U51: =IFERROR(SUMIF('LISTA DE EMBARQUE'!B:B,MICRO!E:E,'LISTA DE EMBARQUE'!G:G),"") -> 0 | V51: =IFERROR(VLOOKUP(Tabela1[[#This Row],[COD.MDE]],'LISTA DE EMBARQUE'!B:L,11,0),"") | W51: =IFERROR(COUNTIF(#REF!,Tabela1[[#This Row],[Colunas5]]),"") | X51: =Tabela1[[#This Row],[QIANTIDADE EXPEDIDA]]*Tabela1[[#This Row],[PESO UNI]] -> 0 | Y51: =U51-C51 -> -2 | Z51: =Tabela1[[#This Row],[PESO TOTAL]]-Tabela1[[#This Row],[Peso Expedido]] -> 37.2 | AA51: 1 | AC51: 1 | AD51: 0.5 | AE51: 0.5 | AF51: 0.5 | AG51: 0.5 | AI51: =IF(Z51<=0,"ok","") | AK51: =Tabela1[[#This Row],[Coluna1]]&Tabela1[[#This Row],[PEDIDO]] -> P-198 | AO51: =A51&"/"&J51 -> T-073197-1/05-CV-0001 | AP51: =Tabela1[[#This Row],[TAG]]&Tabela1[[#This Row],[PEDIDO]]&Tabela1[[#This Row],[PRODUTO]] -> 05-CV-0001P-198ESTRUTURA | AQ51: =Tabela1[[#This Row],[PRODUTO]]&Tabela1[[#This Row],[TAG]] -> ESTRUTURA05-CV-0001 | AR51: =Tabela1[[#This Row],[PEDIDO]]&Tabela1[[#This Row],[PRODUTO]] -> P-198ESTRUTURA | AS51: =IF(AF51="",0,IF(ISTEXT(AF51),H51*VALUE(SUBSTITUTE(AF51,"%",""))/100,H51*AF51))-Tabela1[[#This Row],[PRONTO ACABADO2]] -> 0 | AT51: =IF(AG51="",0,IF(ISTEXT(AG51),H51*VALUE(SUBSTITUTE(AG51,"%",""))/100,H51*AG51))-Tabela1[[#This Row],[PESO EXPEDIDO2]] -> 18.6 | AU51: =IF(AH51="",0,IF(ISTEXT(AH51),H51*VALUE(SUBSTITUTE(AH51,"%",""))/100,H51*AH51)) -> 0 | AV51: =IF(AG51="",0,IF(ISTEXT(AG51),H51*VALUE(SUBSTITUTE(AG51,"%",""))/100,H51*AG51)) -> 18.6
A52: T-073197-1 | B52: MI-D-148-ME-DF-0026 | C52: 2 | D52: ALIMENTADOR DE CORREIA - PINO 73197-C | E52: 3748 | F52: 15 | G52: 1 | H52: =Tabela1[[#This Row],[PESO UNI]]*Tabela1[[#This Row],[QTE]] -> 2 | I52: 2-09/07/2026 | J52: 05-CV-0001 | K52: ESTRUTURA | L52: P-198 | M52: 46178 | N52: MDE | Q52: =Tabela1[[#This Row],[QTDE/ Fabricação]]-Tabela1[[#This Row],[QTE]] -> -2 | R52: =IFERROR(H52*((AA52*0.25)+(AC52*0.25)+(AD52*0.225)+(AE52*0.225)+(AF52*0.05)),"") -> 1.5 | S52: =IFERROR(H52*AG52,"") -> 1 | T52: =IFERROR(S52-H52,"") -> -1 | U52: =IFERROR(SUMIF('LISTA DE EMBARQUE'!B:B,MICRO!E:E,'LISTA DE EMBARQUE'!G:G),"") -> 0 | V52: =IFERROR(VLOOKUP(Tabela1[[#This Row],[COD.MDE]],'LISTA DE EMBARQUE'!B:L,11,0),"") | W52: =IFERROR(COUNTIF(#REF!,Tabela1[[#This Row],[Colunas5]]),"") | X52: =Tabela1[[#This Row],[QIANTIDADE EXPEDIDA]]*Tabela1[[#This Row],[PESO UNI]] -> 0 | Y52: =U52-C52 -> -2 | Z52: =Tabela1[[#This Row],[PESO TOTAL]]-Tabela1[[#This Row],[Peso Expedido]] -> 2 | AA52: 1 | AC52: 1 | AD52: 0.5 | AE52: 0.5 | AF52: 0.5 | AG52: 0.5 | AI52: =IF(Z52<=0,"ok","") | AK52: =Tabela1[[#This Row],[Coluna1]]&Tabela1[[#This Row],[PEDIDO]] -> P-198 | AO52: =A52&"/"&J52 -> T-073197-1/05-CV-0001 | AP52: =Tabela1[[#This Row],[TAG]]&Tabela1[[#This Row],[PEDIDO]]&Tabela1[[#This Row],[PRODUTO]] -> 05-CV-0001P-198ESTRUTURA | AQ52: =Tabela1[[#This Row],[PRODUTO]]&Tabela1[[#This Row],[TAG]] -> ESTRUTURA05-CV-0001 | AR52: =Tabela1[[#This Row],[PEDIDO]]&Tabela1[[#This Row],[PRODUTO]] -> P-198ESTRUTURA | AS52: =IF(AF52="",0,IF(ISTEXT(AF52),H52*VALUE(SUBSTITUTE(AF52,"%",""))/100,H52*AF52))-Tabela1[[#This Row],[PRONTO ACABADO2]] -> 0 | AT52: =IF(AG52="",0,IF(ISTEXT(AG52),H52*VALUE(SUBSTITUTE(AG52,"%",""))/100,H52*AG52))-Tabela1[[#This Row],[PESO EXPEDIDO2]] -> 1 | AU52: =IF(AH52="",0,IF(ISTEXT(AH52),H52*VALUE(SUBSTITUTE(AH52,"%",""))/100,H52*AH52)) -> 0 | AV52: =IF(AG52="",0,IF(ISTEXT(AG52),H52*VALUE(SUBSTITUTE(AG52,"%",""))/100,H52*AG52)) -> 1
A53: T-073196-1 | C53: 4 | D53: ALIMENTADOR DE CORREIA - BASE DO CHASSI 73196-A | E53: 3749 | F53: 15 | G53: 7.2 | H53: =Tabela1[[#This Row],[PESO UNI]]*Tabela1[[#This Row],[QTE]] -> 28.8 | I53: 1 - 25/06/2026 | J53: 05-CV-0001 | K53: ESTRUTURA | L53: P-198 | M53: 46178 | N53: MDE | Q53: =Tabela1[[#This Row],[QTDE/ Fabricação]]-Tabela1[[#This Row],[QTE]] -> -4 | R53: =IFERROR(H53*((AA53*0.25)+(AC53*0.25)+(AD53*0.225)+(AE53*0.225)+(AF53*0.05)),"") -> 28.8 | S53: =IFERROR(H53*AG53,"") -> 28.8 | T53: =IFERROR(S53-H53,"") -> 0 | U53: =IFERROR(SUMIF('LISTA DE EMBARQUE'!B:B,MICRO!E:E,'LISTA DE EMBARQUE'!G:G),"") -> 4 | V53: =IFERROR(VLOOKUP(Tabela1[[#This Row],[COD.MDE]],'LISTA DE EMBARQUE'!B:L,11,0),"") -> 3 | W53: =IFERROR(COUNTIF(#REF!,Tabela1[[#This Row],[Colunas5]]),"") | X53: =Tabela1[[#This Row],[QIANTIDADE EXPEDIDA]]*Tabela1[[#This Row],[PESO UNI]] -> 28.8 | Y53: =U53-C53 -> 0 | Z53: =Tabela1[[#This Row],[PESO TOTAL]]-Tabela1[[#This Row],[Peso Expedido]] -> 0 | AA53: 1 | AC53: 1 | AD53: 1 | AE53: 1 | AF53: 1 | AG53: 1 | AH53: 1 | AI53: =IF(Z53<=0,"ok","") -> ok | AK53: =Tabela1[[#This Row],[Coluna1]]&Tabela1[[#This Row],[PEDIDO]] -> P-198 | AO53: =A53&"/"&J53 -> T-073196-1/05-CV-0001 | AP53: =Tabela1[[#This Row],[TAG]]&Tabela1[[#This Row],[PEDIDO]]&Tabela1[[#This Row],[PRODUTO]] -> 05-CV-0001P-198ESTRUTURA | AQ53: =Tabela1[[#This Row],[PRODUTO]]&Tabela1[[#This Row],[TAG]] -> ESTRUTURA05-CV-0001 | AR53: =Tabela1[[#This Row],[PEDIDO]]&Tabela1[[#This Row],[PRODUTO]] -> P-198ESTRUTURA | AS53: =IF(AF53="",0,IF(ISTEXT(AF53),H53*VALUE(SUBSTITUTE(AF53,"%",""))/100,H53*AF53))-Tabela1[[#This Row],[PRONTO ACABADO2]] -> 0 | AT53: =IF(AG53="",0,IF(ISTEXT(AG53),H53*VALUE(SUBSTITUTE(AG53,"%",""))/100,H53*AG53))-Tabela1[[#This Row],[PESO EXPEDIDO2]] -> 0 | AU53: =IF(AH53="",0,IF(ISTEXT(AH53),H53*VALUE(SUBSTITUTE(AH53,"%",""))/100,H53*AH53)) -> 28.8 | AV53: =IF(AG53="",0,IF(ISTEXT(AG53),H53*VALUE(SUBSTITUTE(AG53,"%",""))/100,H53*AG53)) -> 28.8
A54: T-073196-1 | C54: 1 | D54: ALIMENTADOR DE CORREIA - CHASSI DO ESTICAMENTO 73196-B | E54: 3750 | F54: 15 | G54: 520 | H54: =Tabela1[[#This Row],[PESO UNI]]*Tabela1[[#This Row],[QTE]] -> 520 | I54: 1 - 25/06/2026 | J54: 05-CV-0001 | K54: ESTRUTURA | L54: P-198 | M54: 46178 | N54: MDE | Q54: =Tabela1[[#This Row],[QTDE/ Fabricação]]-Tabela1[[#This Row],[QTE]] -> -1 | R54: =IFERROR(H54*((AA54*0.25)+(AC54*0.25)+(AD54*0.225)+(AE54*0.225)+(AF54*0.05)),"") -> 520 | S54: =IFERROR(H54*AG54,"") -> 520 | T54: =IFERROR(S54-H54,"") -> 0 | U54: =IFERROR(SUMIF('LISTA DE EMBARQUE'!B:B,MICRO!E:E,'LISTA DE EMBARQUE'!G:G),"") -> 1 | V54: =IFERROR(VLOOKUP(Tabela1[[#This Row],[COD.MDE]],'LISTA DE EMBARQUE'!B:L,11,0),"") -> 5 | W54: =IFERROR(COUNTIF(#REF!,Tabela1[[#This Row],[Colunas5]]),"") | X54: =Tabela1[[#This Row],[QIANTIDADE EXPEDIDA]]*Tabela1[[#This Row],[PESO UNI]] -> 520 | Y54: =U54-C54 -> 0 | Z54: =Tabela1[[#This Row],[PESO TOTAL]]-Tabela1[[#This Row],[Peso Expedido]] -> 0 | AA54: 1 | AC54: 1 | AD54: 1 | AE54: 1 | AF54: 1 | AG54: 1 | AH54: 1 | AI54: =IF(Z54<=0,"ok","") -> ok | AK54: =Tabela1[[#This Row],[Coluna1]]&Tabela1[[#This Row],[PEDIDO]] -> P-198 | AO54: =A54&"/"&J54 -> T-073196-1/05-CV-0001 | AP54: =Tabela1[[#This Row],[TAG]]&Tabela1[[#This Row],[PEDIDO]]&Tabela1[[#This Row],[PRODUTO]] -> 05-CV-0001P-198ESTRUTURA | AQ54: =Tabela1[[#This Row],[PRODUTO]]&Tabela1[[#This Row],[TAG]] -> ESTRUTURA05-CV-0001 | AR54: =Tabela1[[#This Row],[PEDIDO]]&Tabela1[[#This Row],[PRODUTO]] -> P-198ESTRUTURA | AS54: =IF(AF54="",0,IF(ISTEXT(AF54),H54*VALUE(SUBSTITUTE(AF54,"%",""))/100,H54*AF54))-Tabela1[[#This Row],[PRONTO ACABADO2]] -> 0 | AT54: =IF(AG54="",0,IF(ISTEXT(AG54),H54*VALUE(SUBSTITUTE(AG54,"%",""))/100,H54*AG54))-Tabela1[[#This Row],[PESO EXPEDIDO2]] -> 0 | AU54: =IF(AH54="",0,IF(ISTEXT(AH54),H54*VALUE(SUBSTITUTE(AH54,"%",""))/100,H54*AH54)) -> 520 | AV54: =IF(AG54="",0,IF(ISTEXT(AG54),H54*VALUE(SUBSTITUTE(AG54,"%",""))/100,H54*AG54)) -> 520
A55: T-073196-1 | C55: 2 | D55: ALIMENTADOR DE CORREIA - CHAPA MANUTENÇÃO 73196-C | E55: 3751 | F55: 15 | G55: 8.4 | H55: =Tabela1[[#This Row],[PESO UNI]]*Tabela1[[#This Row],[QTE]] -> 16.8 | I55: 1 - 25/06/2026 | J55: 05-CV-0001 | K55: ESTRUTURA | L55: P-198 | M55: 46178 | N55: MDE | Q55: =Tabela1[[#This Row],[QTDE/ Fabricação]]-Tabela1[[#This Row],[QTE]] -> -2 | R55: =IFERROR(H55*((AA55*0.25)+(AC55*0.25)+(AD55*0.225)+(AE55*0.225)+(AF55*0.05)),"") -> 16.8 | S55: =IFERROR(H55*AG55,"") -> 16.8 | T55: =IFERROR(S55-H55,"") -> 0 | U55: =IFERROR(SUMIF('LISTA DE EMBARQUE'!B:B,MICRO!E:E,'LISTA DE EMBARQUE'!G:G),"") -> 2 | V55: =IFERROR(VLOOKUP(Tabela1[[#This Row],[COD.MDE]],'LISTA DE EMBARQUE'!B:L,11,0),"") -> 5 | W55: =IFERROR(COUNTIF(#REF!,Tabela1[[#This Row],[Colunas5]]),"") | X55: =Tabela1[[#This Row],[QIANTIDADE EXPEDIDA]]*Tabela1[[#This Row],[PESO UNI]] -> 16.8 | Y55: =U55-C55 -> 0 | Z55: =Tabela1[[#This Row],[PESO TOTAL]]-Tabela1[[#This Row],[Peso Expedido]] -> 0 | AA55: 1 | AC55: 1 | AD55: 1 | AE55: 1 | AF55: 1 | AG55: 1 | AH55: 1 | AI55: =IF(Z55<=0,"ok","") -> ok | AK55: =Tabela1[[#This Row],[Coluna1]]&Tabela1[[#This Row],[PEDIDO]] -> P-198 | AO55: =A55&"/"&J55 -> T-073196-1/05-CV-0001 | AP55: =Tabela1[[#This Row],[TAG]]&Tabela1[[#This Row],[PEDIDO]]&Tabela1[[#This Row],[PRODUTO]] -> 05-CV-0001P-198ESTRUTURA | AQ55: =Tabela1[[#This Row],[PRODUTO]]&Tabela1[[#This Row],[TAG]] -> ESTRUTURA05-CV-0001 | AR55: =Tabela1[[#This Row],[PEDIDO]]&Tabela1[[#This Row],[PRODUTO]] -> P-198ESTRUTURA | AS55: =IF(AF55="",0,IF(ISTEXT(AF55),H55*VALUE(SUBSTITUTE(AF55,"%",""))/100,H55*AF55))-Tabela1[[#This Row],[PRONTO ACABADO2]] -> 0 | AT55: =IF(AG55="",0,IF(ISTEXT(AG55),H55*VALUE(SUBSTITUTE(AG55,"%",""))/100,H55*AG55))-Tabela1[[#This Row],[PESO EXPEDIDO2]] -> 0 | AU55: =IF(AH55="",0,IF(ISTEXT(AH55),H55*VALUE(SUBSTITUTE(AH55,"%",""))/100,H55*AH55)) -> 16.8 | AV55: =IF(AG55="",0,IF(ISTEXT(AG55),H55*VALUE(SUBSTITUTE(AG55,"%",""))/100,H55*AG55)) -> 16.8
A56: T-054923-1 | C56: 4 | D56: BASE P/ ROLO DE PROTEÇÃO - ROLETE Ø89x150 - ROLAMENTO 6204 | E56: 3752 | F56: 10 | G56: 2.7 | H56: =Tabela1[[#This Row],[PESO UNI]]*Tabela1[[#This Row],[QTE]] -> 10.8 | I56: 1 - 05/06/2026 | J56: 14-CV-0001 | K56: BASES ROLETES | L56: P-198 | M56: 46175 | N56: MDE | Q56: =Tabela1[[#This Row],[QTDE/ Fabricação]]-Tabela1[[#This Row],[QTE]] -> -4 | R56: =IFERROR(H56*((AA56*0.25)+(AC56*0.25)+(AD56*0.225)+(AE56*0.225)+(AF56*0.05)),"") -> 10.8 | S56: =IFERROR(H56*AG56,"") -> 10.8 | T56: =IFERROR(S56-H56,"") -> 0 | U56: =IFERROR(SUMIF('LISTA DE EMBARQUE'!B:B,MICRO!E:E,'LISTA DE EMBARQUE'!G:G),"") -> 4 | V56: =IFERROR(VLOOKUP(Tabela1[[#This Row],[COD.MDE]],'LISTA DE EMBARQUE'!B:L,11,0),"") -> 1 | W56: =IFERROR(COUNTIF(#REF!,Tabela1[[#This Row],[Colunas5]]),"") | X56: =Tabela1[[#This Row],[QIANTIDADE EXPEDIDA]]*Tabela1[[#This Row],[PESO UNI]] -> 10.8 | Y56: =U56-C56 -> 0 | Z56: =Tabela1[[#This Row],[PESO TOTAL]]-Tabela1[[#This Row],[Peso Expedido]] -> 0 | AA56: 1 | AC56: 1 | AD56: 1 | AE56: 1 | AF56: 1 | AG56: 1 | AH56: 1 | AI56: =IF(Z56<=0,"ok","") -> ok | AK56: =Tabela1[[#This Row],[Coluna1]]&Tabela1[[#This Row],[PEDIDO]] -> P-198 | AO56: =A56&"/"&J56 -> T-054923-1/14-CV-0001 | AP56: =Tabela1[[#This Row],[TAG]]&Tabela1[[#This Row],[PEDIDO]]&Tabela1[[#This Row],[PRODUTO]] -> 14-CV-0001P-198BASES ROLETES | AQ56: =Tabela1[[#This Row],[PRODUTO]]&Tabela1[[#This Row],[TAG]] -> BASES ROLETES14-CV-0001 | AR56: =Tabela1[[#This Row],[PEDIDO]]&Tabela1[[#This Row],[PRODUTO]] -> P-198BASES ROLETES | AS56: =IF(AF56="",0,IF(ISTEXT(AF56),H56*VALUE(SUBSTITUTE(AF56,"%",""))/100,H56*AF56))-Tabela1[[#This Row],[PRONTO ACABADO2]] -> 0 | AT56: =IF(AG56="",0,IF(ISTEXT(AG56),H56*VALUE(SUBSTITUTE(AG56,"%",""))/100,H56*AG56))-Tabela1[[#This Row],[PESO EXPEDIDO2]] -> 0 | AU56: =IF(AH56="",0,IF(ISTEXT(AH56),H56*VALUE(SUBSTITUTE(AH56,"%",""))/100,H56*AH56)) -> 10.8 | AV56: =IF(AG56="",0,IF(ISTEXT(AG56),H56*VALUE(SUBSTITUTE(AG56,"%",""))/100,H56*AG56)) -> 10.8
A57: T-073186-1 | C57: 1 | D57: BASE AUTO ALINHANTE RETORNO EM ´´V´´ - 1200 ROLO Ø152 x 670 | E57: 3753 | F57: 10 | G57: 41.9 | H57: =Tabela1[[#This Row],[PESO UNI]]*Tabela1[[#This Row],[QTE]] -> 41.9 | I57: 1 - 03/06/2026 | J57: 14-CV-0001 | K57: BASES ROLETES | L57: P-198 | M57: 46175 | N57: MDE | Q57: =Tabela1[[#This Row],[QTDE/ Fabricação]]-Tabela1[[#This Row],[QTE]] -> -1 | R57: =IFERROR(H57*((AA57*0.25)+(AC57*0.25)+(AD57*0.225)+(AE57*0.225)+(AF57*0.05)),"") -> 41.9 | S57: =IFERROR(H57*AG57,"") -> 41.9 | T57: =IFERROR(S57-H57,"") -> 0 | U57: =IFERROR(SUMIF('LISTA DE EMBARQUE'!B:B,MICRO!E:E,'LISTA DE EMBARQUE'!G:G),"") -> 1 | V57: =IFERROR(VLOOKUP(Tabela1[[#This Row],[COD.MDE]],'LISTA DE EMBARQUE'!B:L,11,0),"") -> 2 | W57: =IFERROR(COUNTIF(#REF!,Tabela1[[#This Row],[Colunas5]]),"") | X57: =Tabela1[[#This Row],[QIANTIDADE EXPEDIDA]]*Tabela1[[#This Row],[PESO UNI]] -> 41.9 | Y57: =U57-C57 -> 0 | Z57: =Tabela1[[#This Row],[PESO TOTAL]]-Tabela1[[#This Row],[Peso Expedido]] -> 0 | AA57: 1 | AC57: 1 | AD57: 1 | AE57: 1 | AF57: 1 | AG57: 1 | AH57: 1 | AI57: =IF(Z57<=0,"ok","") -> ok | AK57: =Tabela1[[#This Row],[Coluna1]]&Tabela1[[#This Row],[PEDIDO]] -> P-198 | AO57: =A57&"/"&J57 -> T-073186-1/14-CV-0001 | AP57: =Tabela1[[#This Row],[TAG]]&Tabela1[[#This Row],[PEDIDO]]&Tabela1[[#This Row],[PRODUTO]] -> 14-CV-0001P-198BASES ROLETES | AQ57: =Tabela1[[#This Row],[PRODUTO]]&Tabela1[[#This Row],[TAG]] -> BASES ROLETES14-CV-0001 | AR57: =Tabela1[[#This Row],[PEDIDO]]&Tabela1[[#This Row],[PRODUTO]] -> P-198BASES ROLETES | AS57: =IF(AF57="",0,IF(ISTEXT(AF57),H57*VALUE(SUBSTITUTE(AF57,"%",""))/100,H57*AF57))-Tabela1[[#This Row],[PRONTO ACABADO2]] -> 0 | AT57: =IF(AG57="",0,IF(ISTEXT(AG57),H57*VALUE(SUBSTITUTE(AG57,"%",""))/100,H57*AG57))-Tabela1[[#This Row],[PESO EXPEDIDO2]] -> 0 | AU57: =IF(AH57="",0,IF(ISTEXT(AH57),H57*VALUE(SUBSTITUTE(AH57,"%",""))/100,H57*AH57)) -> 41.9 | AV57: =IF(AG57="",0,IF(ISTEXT(AG57),H57*VALUE(SUBSTITUTE(AG57,"%",""))/100,H57*AG57)) -> 41.9
A58: T-073187-1 | C58: 1 | D58: BASE A. A. DE CARGA - 1200 x 45° ROLO Ø152 X 465 | E58: 3754 | F58: 10 | G58: 54 | H58: =Tabela1[[#This Row],[PESO UNI]]*Tabela1[[#This Row],[QTE]] -> 54 | I58: 1 - 25/06/2026 | J58: 14-CV-0001 | K58: BASES ROLETES | L58: P-198 | M58: 46175 | N58: MDE | Q58: =Tabela1[[#This Row],[QTDE/ Fabricação]]-Tabela1[[#This Row],[QTE]] -> -1 | R58: =IFERROR(H58*((AA58*0.25)+(AC58*0.25)+(AD58*0.225)+(AE58*0.225)+(AF58*0.05)),"") -> 54 | S58: =IFERROR(H58*AG58,"") -> 54 | T58: =IFERROR(S58-H58,"") -> 0 | U58: =IFERROR(SUMIF('LISTA DE EMBARQUE'!B:B,MICRO!E:E,'LISTA DE EMBARQUE'!G:G),"") -> 1 | V58: =IFERROR(VLOOKUP(Tabela1[[#This Row],[COD.MDE]],'LISTA DE EMBARQUE'!B:L,11,0),"") -> 2 | W58: =IFERROR(COUNTIF(#REF!,Tabela1[[#This Row],[Colunas5]]),"") | X58: =Tabela1[[#This Row],[QIANTIDADE EXPEDIDA]]*Tabela1[[#This Row],[PESO UNI]] -> 54 | Y58: =U58-C58 -> 0 | Z58: =Tabela1[[#This Row],[PESO TOTAL]]-Tabela1[[#This Row],[Peso Expedido]] -> 0 | AA58: 1 | AC58: 1 | AD58: 1 | AE58: 1 | AF58: 1 | AG58: 1 | AH58: 1 | AI58: =IF(Z58<=0,"ok","") -> ok | AK58: =Tabela1[[#This Row],[Coluna1]]&Tabela1[[#This Row],[PEDIDO]] -> P-198 | AO58: =A58&"/"&J58 -> T-073187-1/14-CV-0001 | AP58: =Tabela1[[#This Row],[TAG]]&Tabela1[[#This Row],[PEDIDO]]&Tabela1[[#This Row],[PRODUTO]] -> 14-CV-0001P-198BASES ROLETES | AQ58: =Tabela1[[#This Row],[PRODUTO]]&Tabela1[[#This Row],[TAG]] -> BASES ROLETES14-CV-0001 | AR58: =Tabela1[[#This Row],[PEDIDO]]&Tabela1[[#This Row],[PRODUTO]] -> P-198BASES ROLETES | AS58: =IF(AF58="",0,IF(ISTEXT(AF58),H58*VALUE(SUBSTITUTE(AF58,"%",""))/100,H58*AF58))-Tabela1[[#This Row],[PRONTO ACABADO2]] -> 0 | AT58: =IF(AG58="",0,IF(ISTEXT(AG58),H58*VALUE(SUBSTITUTE(AG58,"%",""))/100,H58*AG58))-Tabela1[[#This Row],[PESO EXPEDIDO2]] -> 0 | AU58: =IF(AH58="",0,IF(ISTEXT(AH58),H58*VALUE(SUBSTITUTE(AH58,"%",""))/100,H58*AH58)) -> 54 | AV58: =IF(AG58="",0,IF(ISTEXT(AG58),H58*VALUE(SUBSTITUTE(AG58,"%",""))/100,H58*AG58)) -> 54
A59: T-073188-1 | C59: 2 | D59: BASE P/ ROLO P/ BALANÇA - 1200MM X 45° ROLO Ø152 x 465 | E59: 3755 | F59: 10 | G59: 47.6 | H59: =Tabela1[[#This Row],[PESO UNI]]*Tabela1[[#This Row],[QTE]] -> 95.2 | I59: 0 | J59: 14-CV-0001 | K59: BASES ROLETES | L59: P-198 | M59: 46175 | N59: MDE | Q59: =Tabela1[[#This Row],[QTDE/ Fabricação]]-Tabela1[[#This Row],[QTE]] -> -2 | R59: =IFERROR(H59*((AA59*0.25)+(AC59*0.25)+(AD59*0.225)+(AE59*0.225)+(AF59*0.05)),"") -> 95.2 | S59: =IFERROR(H59*AG59,"") -> 95.2 | T59: =IFERROR(S59-H59,"") -> 0 | U59: =IFERROR(SUMIF('LISTA DE EMBARQUE'!B:B,MICRO!E:E,'LISTA DE EMBARQUE'!G:G),"") -> 2 | V59: =IFERROR(VLOOKUP(Tabela1[[#This Row],[COD.MDE]],'LISTA DE EMBARQUE'!B:L,11,0),"") -> 1 | W59: =IFERROR(COUNTIF(#REF!,Tabela1[[#This Row],[Colunas5]]),"") | X59: =Tabela1[[#This Row],[QIANTIDADE EXPEDIDA]]*Tabela1[[#This Row],[PESO UNI]] -> 95.2 | Y59: =U59-C59 -> 0 | Z59: =Tabela1[[#This Row],[PESO TOTAL]]-Tabela1[[#This Row],[Peso Expedido]] -> 0 | AA59: 1 | AC59: 1 | AD59: 1 | AE59: 1 | AF59: 1 | AG59: 1 | AH59: 1 | AI59: =IF(Z59<=0,"ok","") -> ok | AK59: =Tabela1[[#This Row],[Coluna1]]&Tabela1[[#This Row],[PEDIDO]] -> P-198 | AO59: =A59&"/"&J59 -> T-073188-1/14-CV-0001 | AP59: =Tabela1[[#This Row],[TAG]]&Tabela1[[#This Row],[PEDIDO]]&Tabela1[[#This Row],[PRODUTO]] -> 14-CV-0001P-198BASES ROLETES | AQ59: =Tabela1[[#This Row],[PRODUTO]]&Tabela1[[#This Row],[TAG]] -> BASES ROLETES14-CV-0001 | AR59: =Tabela1[[#This Row],[PEDIDO]]&Tabela1[[#This Row],[PRODUTO]] -> P-198BASES ROLETES | AS59: =IF(AF59="",0,IF(ISTEXT(AF59),H59*VALUE(SUBSTITUTE(AF59,"%",""))/100,H59*AF59))-Tabela1[[#This Row],[PRONTO ACABADO2]] -> 0 | AT59: =IF(AG59="",0,IF(ISTEXT(AG59),H59*VALUE(SUBSTITUTE(AG59,"%",""))/100,H59*AG59))-Tabela1[[#This Row],[PESO EXPEDIDO2]] -> 0 | AU59: =IF(AH59="",0,IF(ISTEXT(AH59),H59*VALUE(SUBSTITUTE(AH59,"%",""))/100,H59*AH59)) -> 95.2 | AV59: =IF(AG59="",0,IF(ISTEXT(AG59),H59*VALUE(SUBSTITUTE(AG59,"%",""))/100,H59*AG59)) -> 95.2
A60: T-073189-1 | C60: 45 | D60: BASE P/ ROLO DE CARGA - 1200MM 45° ROLO Ø152 x 465 | E60: 3756 | F60: 10 | G60: 47.6 | H60: =Tabela1[[#This Row],[PESO UNI]]*Tabela1[[#This Row],[QTE]] -> 2142 | I60: 0 | J60: 14-CV-0001 | K60: BASES ROLETES | L60: P-198 | M60: 46175 | N60: MDE | Q60: =Tabela1[[#This Row],[QTDE/ Fabricação]]-Tabela1[[#This Row],[QTE]] -> -45 | R60: =IFERROR(H60*((AA60*0.25)+(AC60*0.25)+(AD60*0.225)+(AE60*0.225)+(AF60*0.05)),"") -> 2142 | S60: =IFERROR(H60*AG60,"") -> 2142 | T60: =IFERROR(S60-H60,"") -> 0 | U60: =IFERROR(SUMIF('LISTA DE EMBARQUE'!B:B,MICRO!E:E,'LISTA DE EMBARQUE'!G:G),"") -> 45 | V60: =IFERROR(VLOOKUP(Tabela1[[#This Row],[COD.MDE]],'LISTA DE EMBARQUE'!B:L,11,0),"") -> 1 | W60: =IFERROR(COUNTIF(#REF!,Tabela1[[#This Row],[Colunas5]]),"") | X60: =Tabela1[[#This Row],[QIANTIDADE EXPEDIDA]]*Tabela1[[#This Row],[PESO UNI]] -> 2142 | Y60: =U60-C60 -> 0 | Z60: =Tabela1[[#This Row],[PESO TOTAL]]-Tabela1[[#This Row],[Peso Expedido]] -> 0 | AA60: 1 | AC60: 1 | AD60: 1 | AE60: 1 | AF60: 1 | AG60: 1 | AH60: 1 | AI60: =IF(Z60<=0,"ok","") -> ok | AK60: =Tabela1[[#This Row],[Coluna1]]&Tabela1[[#This Row],[PEDIDO]] -> P-198 | AO60: =A60&"/"&J60 -> T-073189-1/14-CV-0001 | AP60: =Tabela1[[#This Row],[TAG]]&Tabela1[[#This Row],[PEDIDO]]&Tabela1[[#This Row],[PRODUTO]] -> 14-CV-0001P-198BASES ROLETES | AQ60: =Tabela1[[#This Row],[PRODUTO]]&Tabela1[[#This Row],[TAG]] -> BASES ROLETES14-CV-0001 | AR60: =Tabela1[[#This Row],[PEDIDO]]&Tabela1[[#This Row],[PRODUTO]] -> P-198BASES ROLETES | AS60: =IF(AF60="",0,IF(ISTEXT(AF60),H60*VALUE(SUBSTITUTE(AF60,"%",""))/100,H60*AF60))-Tabela1[[#This Row],[PRONTO ACABADO2]] -> 0 | AT60: =IF(AG60="",0,IF(ISTEXT(AG60),H60*VALUE(SUBSTITUTE(AG60,"%",""))/100,H60*AG60))-Tabela1[[#This Row],[PESO EXPEDIDO2]] -> 0 | AU60: =IF(AH60="",0,IF(ISTEXT(AH60),H60*VALUE(SUBSTITUTE(AH60,"%",""))/100,H60*AH60)) -> 2142 | AV60: =IF(AG60="",0,IF(ISTEXT(AG60),H60*VALUE(SUBSTITUTE(AG60,"%",""))/100,H60*AG60)) -> 2142
A61: T-073190-1 | C61: 11 | D61: BASE P/ ROLO DE IMPÁCTO E ROLO SOB GUIA 1200MM X 45° ROLO Ø152 x 465 | E61: 3757 | F61: 10 | G61: 53.8 | H61: =Tabela1[[#This Row],[PESO UNI]]*Tabela1[[#This Row],[QTE]] -> 591.8 | I61: 0 | J61: 14-CV-0001 | K61: BASES ROLETES | L61: P-198 | M61: 46175 | N61: MDE | Q61: =Tabela1[[#This Row],[QTDE/ Fabricação]]-Tabela1[[#This Row],[QTE]] -> -11 | R61: =IFERROR(H61*((AA61*0.25)+(AC61*0.25)+(AD61*0.225)+(AE61*0.225)+(AF61*0.05)),"") -> 591.8 | S61: =IFERROR(H61*AG61,"") -> 591.8 | T61: =IFERROR(S61-H61,"") -> 0 | U61: =IFERROR(SUMIF('LISTA DE EMBARQUE'!B:B,MICRO!E:E,'LISTA DE EMBARQUE'!G:G),"") -> 11 | V61: =IFERROR(VLOOKUP(Tabela1[[#This Row],[COD.MDE]],'LISTA DE EMBARQUE'!B:L,11,0),"") -> 1 | W61: =IFERROR(COUNTIF(#REF!,Tabela1[[#This Row],[Colunas5]]),"") | X61: =Tabela1[[#This Row],[QIANTIDADE EXPEDIDA]]*Tabela1[[#This Row],[PESO UNI]] -> 591.8 | Y61: =U61-C61 -> 0 | Z61: =Tabela1[[#This Row],[PESO TOTAL]]-Tabela1[[#This Row],[Peso Expedido]] -> 0 | AA61: 1 | AC61: 1 | AD61: 1 | AE61: 1 | AF61: 1 | AG61: 1 | AH61: 1 | AI61: =IF(Z61<=0,"ok","") -> ok | AK61: =Tabela1[[#This Row],[Coluna1]]&Tabela1[[#This Row],[PEDIDO]] -> P-198 | AO61: =A61&"/"&J61 -> T-073190-1/14-CV-0001 | AP61: =Tabela1[[#This Row],[TAG]]&Tabela1[[#This Row],[PEDIDO]]&Tabela1[[#This Row],[PRODUTO]] -> 14-CV-0001P-198BASES ROLETES | AQ61: =Tabela1[[#This Row],[PRODUTO]]&Tabela1[[#This Row],[TAG]] -> BASES ROLETES14-CV-0001 | AR61: =Tabela1[[#This Row],[PEDIDO]]&Tabela1[[#This Row],[PRODUTO]] -> P-198BASES ROLETES | AS61: =IF(AF61="",0,IF(ISTEXT(AF61),H61*VALUE(SUBSTITUTE(AF61,"%",""))/100,H61*AF61))-Tabela1[[#This Row],[PRONTO ACABADO2]] -> 0 | AT61: =IF(AG61="",0,IF(ISTEXT(AG61),H61*VALUE(SUBSTITUTE(AG61,"%",""))/100,H61*AG61))-Tabela1[[#This Row],[PESO EXPEDIDO2]] -> 0 | AU61: =IF(AH61="",0,IF(ISTEXT(AH61),H61*VALUE(SUBSTITUTE(AH61,"%",""))/100,H61*AH61)) -> 591.8 | AV61: =IF(AG61="",0,IF(ISTEXT(AG61),H61*VALUE(SUBSTITUTE(AG61,"%",""))/100,H61*AG61)) -> 591.8
A62: T-073191-1 | C62: 15 | D62: BASE P/ ROLO DE RETORNO EM ´´V´´ - 10° ROLO Ø152 x 670 | E62: 3758 | F62: 10 | G62: 26.3 | H62: =Tabela1[[#This Row],[PESO UNI]]*Tabela1[[#This Row],[QTE]] -> 394.5 | I62: 0 | J62: 14-CV-0001 | K62: BASES ROLETES | L62: P-198 | M62: 46175 | N62: MDE | Q62: =Tabela1[[#This Row],[QTDE/ Fabricação]]-Tabela1[[#This Row],[QTE]] -> -15 | R62: =IFERROR(H62*((AA62*0.25)+(AC62*0.25)+(AD62*0.225)+(AE62*0.225)+(AF62*0.05)),"") -> 394.5 | S62: =IFERROR(H62*AG62,"") -> 394.5 | T62: =IFERROR(S62-H62,"") -> 0 | U62: =IFERROR(SUMIF('LISTA DE EMBARQUE'!B:B,MICRO!E:E,'LISTA DE EMBARQUE'!G:G),"") -> 15 | V62: =IFERROR(VLOOKUP(Tabela1[[#This Row],[COD.MDE]],'LISTA DE EMBARQUE'!B:L,11,0),"") -> 1 | W62: =IFERROR(COUNTIF(#REF!,Tabela1[[#This Row],[Colunas5]]),"") | X62: =Tabela1[[#This Row],[QIANTIDADE EXPEDIDA]]*Tabela1[[#This Row],[PESO UNI]] -> 394.5 | Y62: =U62-C62 -> 0 | Z62: =Tabela1[[#This Row],[PESO TOTAL]]-Tabela1[[#This Row],[Peso Expedido]] -> 0 | AA62: 1 | AC62: 1 | AD62: 1 | AE62: 1 | AF62: 1 | AG62: 1 | AH62: 1 | AI62: =IF(Z62<=0,"ok","") -> ok | AK62: =Tabela1[[#This Row],[Coluna1]]&Tabela1[[#This Row],[PEDIDO]] -> P-198 | AO62: =A62&"/"&J62 -> T-073191-1/14-CV-0001 | AP62: =Tabela1[[#This Row],[TAG]]&Tabela1[[#This Row],[PEDIDO]]&Tabela1[[#This Row],[PRODUTO]] -> 14-CV-0001P-198BASES ROLETES | AQ62: =Tabela1[[#This Row],[PRODUTO]]&Tabela1[[#This Row],[TAG]] -> BASES ROLETES14-CV-0001 | AR62: =Tabela1[[#This Row],[PEDIDO]]&Tabela1[[#This Row],[PRODUTO]] -> P-198BASES ROLETES | AS62: =IF(AF62="",0,IF(ISTEXT(AF62),H62*VALUE(SUBSTITUTE(AF62,"%",""))/100,H62*AF62))-Tabela1[[#This Row],[PRONTO ACABADO2]] -> 0 | AT62: =IF(AG62="",0,IF(ISTEXT(AG62),H62*VALUE(SUBSTITUTE(AG62,"%",""))/100,H62*AG62))-Tabela1[[#This Row],[PESO EXPEDIDO2]] -> 0 | AU62: =IF(AH62="",0,IF(ISTEXT(AH62),H62*VALUE(SUBSTITUTE(AH62,"%",""))/100,H62*AH62)) -> 394.5 | AV62: =IF(AG62="",0,IF(ISTEXT(AG62),H62*VALUE(SUBSTITUTE(AG62,"%",""))/100,H62*AG62)) -> 394.5
A63: T-073192-1 | C63: 2 | D63: BASE P/ ROLO DE TRANSIÇÃO - 1200MM X 45° ROLO Ø152 x 465 | E63: 3759 | F63: 10 | G63: 59.1 | H63: =Tabela1[[#This Row],[PESO UNI]]*Tabela1[[#This Row],[QTE]] -> 118.2 | I63: 0 | J63: 14-CV-0001 | K63: BASES ROLETES | L63: P-198 | M63: 46175 | N63: MDE | Q63: =Tabela1[[#This Row],[QTDE/ Fabricação]]-Tabela1[[#This Row],[QTE]] -> -2 | R63: =IFERROR(H63*((AA63*0.25)+(AC63*0.25)+(AD63*0.225)+(AE63*0.225)+(AF63*0.05)),"") -> 118.2 | S63: =IFERROR(H63*AG63,"") -> 118.2 | T63: =IFERROR(S63-H63,"") -> 0 | U63: =IFERROR(SUMIF('LISTA DE EMBARQUE'!B:B,MICRO!E:E,'LISTA DE EMBARQUE'!G:G),"") -> 2 | V63: =IFERROR(VLOOKUP(Tabela1[[#This Row],[COD.MDE]],'LISTA DE EMBARQUE'!B:L,11,0),"") -> 2 | W63: =IFERROR(COUNTIF(#REF!,Tabela1[[#This Row],[Colunas5]]),"") | X63: =Tabela1[[#This Row],[QIANTIDADE EXPEDIDA]]*Tabela1[[#This Row],[PESO UNI]] -> 118.2 | Y63: =U63-C63 -> 0 | Z63: =Tabela1[[#This Row],[PESO TOTAL]]-Tabela1[[#This Row],[Peso Expedido]] -> 0 | AA63: 1 | AC63: 1 | AD63: 1 | AE63: 1 | AF63: 1 | AG63: 1 | AH63: 1 | AI63: =IF(Z63<=0,"ok","") -> ok | AK63: =Tabela1[[#This Row],[Coluna1]]&Tabela1[[#This Row],[PEDIDO]] -> P-198 | AO63: =A63&"/"&J63 -> T-073192-1/14-CV-0001 | AP63: =Tabela1[[#This Row],[TAG]]&Tabela1[[#This Row],[PEDIDO]]&Tabela1[[#This Row],[PRODUTO]] -> 14-CV-0001P-198BASES ROLETES | AQ63: =Tabela1[[#This Row],[PRODUTO]]&Tabela1[[#This Row],[TAG]] -> BASES ROLETES14-CV-0001 | AR63: =Tabela1[[#This Row],[PEDIDO]]&Tabela1[[#This Row],[PRODUTO]] -> P-198BASES ROLETES | AS63: =IF(AF63="",0,IF(ISTEXT(AF63),H63*VALUE(SUBSTITUTE(AF63,"%",""))/100,H63*AF63))-Tabela1[[#This Row],[PRONTO ACABADO2]] -> 0 | AT63: =IF(AG63="",0,IF(ISTEXT(AG63),H63*VALUE(SUBSTITUTE(AG63,"%",""))/100,H63*AG63))-Tabela1[[#This Row],[PESO EXPEDIDO2]] -> 0 | AU63: =IF(AH63="",0,IF(ISTEXT(AH63),H63*VALUE(SUBSTITUTE(AH63,"%",""))/100,H63*AH63)) -> 118.2 | AV63: =IF(AG63="",0,IF(ISTEXT(AG63),H63*VALUE(SUBSTITUTE(AG63,"%",""))/100,H63*AG63)) -> 118.2
A64: T-073180-1 | C64: 1 | D64: BASE P/ ROLOS DE TRANSIÇÃO 45° - CORREIA 1000MM ROLO Ø152 x 380 | E64: 3760 | F64: 9 | G64: 53.8 | H64: =Tabela1[[#This Row],[PESO UNI]]*Tabela1[[#This Row],[QTE]] -> 53.8 | I64: 0 | J64: 05-CV-0001 | K64: BASES ROLETES | L64: P-198 | M64: 46175 | N64: MDE | Q64: =Tabela1[[#This Row],[QTDE/ Fabricação]]-Tabela1[[#This Row],[QTE]] -> -1 | R64: =IFERROR(H64*((AA64*0.25)+(AC64*0.25)+(AD64*0.225)+(AE64*0.225)+(AF64*0.05)),"") -> 53.8 | S64: =IFERROR(H64*AG64,"") -> 53.8 | T64: =IFERROR(S64-H64,"") -> 0 | U64: =IFERROR(SUMIF('LISTA DE EMBARQUE'!B:B,MICRO!E:E,'LISTA DE EMBARQUE'!G:G),"") -> 1 | V64: =IFERROR(VLOOKUP(Tabela1[[#This Row],[COD.MDE]],'LISTA DE EMBARQUE'!B:L,11,0),"") -> 2 | W64: =IFERROR(COUNTIF(#REF!,Tabela1[[#This Row],[Colunas5]]),"") | X64: =Tabela1[[#This Row],[QIANTIDADE EXPEDIDA]]*Tabela1[[#This Row],[PESO UNI]] -> 53.8 | Y64: =U64-C64 -> 0 | Z64: =Tabela1[[#This Row],[PESO TOTAL]]-Tabela1[[#This Row],[Peso Expedido]] -> 0 | AA64: 1 | AC64: 1 | AD64: 1 | AE64: 1 | AF64: 1 | AG64: 1 | AH64: 1 | AI64: =IF(Z64<=0,"ok","") -> ok | AK64: =Tabela1[[#This Row],[Coluna1]]&Tabela1[[#This Row],[PEDIDO]] -> P-198 | AO64: =A64&"/"&J64 -> T-073180-1/05-CV-0001 | AP64: =Tabela1[[#This Row],[TAG]]&Tabela1[[#This Row],[PEDIDO]]&Tabela1[[#This Row],[PRODUTO]] -> 05-CV-0001P-198BASES ROLETES | AQ64: =Tabela1[[#This Row],[PRODUTO]]&Tabela1[[#This Row],[TAG]] -> BASES ROLETES05-CV-0001 | AR64: =Tabela1[[#This Row],[PEDIDO]]&Tabela1[[#This Row],[PRODUTO]] -> P-198BASES ROLETES | AS64: =IF(AF64="",0,IF(ISTEXT(AF64),H64*VALUE(SUBSTITUTE(AF64,"%",""))/100,H64*AF64))-Tabela1[[#This Row],[PRONTO ACABADO2]] -> 0 | AT64: =IF(AG64="",0,IF(ISTEXT(AG64),H64*VALUE(SUBSTITUTE(AG64,"%",""))/100,H64*AG64))-Tabela1[[#This Row],[PESO EXPEDIDO2]] -> 0 | AU64: =IF(AH64="",0,IF(ISTEXT(AH64),H64*VALUE(SUBSTITUTE(AH64,"%",""))/100,H64*AH64)) -> 53.8 | AV64: =IF(AG64="",0,IF(ISTEXT(AG64),H64*VALUE(SUBSTITUTE(AG64,"%",""))/100,H64*AG64)) -> 53.8
A65: T-073181-1 | C65: 38 | D65: BASE P/ ROLOS DE IMPACTO E CARGA SOB GUIA 45° - 73181-A | E65: 3761 | F65: 9 | G65: 28 | H65: =Tabela1[[#This Row],[PESO UNI]]*Tabela1[[#This Row],[QTE]] -> 1064 | I65: 0 | J65: 05-CV-0001 | K65: BASES ROLETES | L65: P-198 | M65: 46175 | N65: MDE | Q65: =Tabela1[[#This Row],[QTDE/ Fabricação]]-Tabela1[[#This Row],[QTE]] -> -38 | R65: =IFERROR(H65*((AA65*0.25)+(AC65*0.25)+(AD65*0.225)+(AE65*0.225)+(AF65*0.05)),"") -> 1064 | S65: =IFERROR(H65*AG65,"") -> 1064 | T65: =IFERROR(S65-H65,"") -> 0 | U65: =IFERROR(SUMIF('LISTA DE EMBARQUE'!B:B,MICRO!E:E,'LISTA DE EMBARQUE'!G:G),"") -> 38 | V65: =IFERROR(VLOOKUP(Tabela1[[#This Row],[COD.MDE]],'LISTA DE EMBARQUE'!B:L,11,0),"") -> 1 | W65: =IFERROR(COUNTIF(#REF!,Tabela1[[#This Row],[Colunas5]]),"") | X65: =Tabela1[[#This Row],[QIANTIDADE EXPEDIDA]]*Tabela1[[#This Row],[PESO UNI]] -> 1064 | Y65: =U65-C65 -> 0 | Z65: =Tabela1[[#This Row],[PESO TOTAL]]-Tabela1[[#This Row],[Peso Expedido]] -> 0 | AA65: 1 | AC65: 1 | AD65: 1 | AE65: 1 | AF65: 1 | AG65: 1 | AH65: 1 | AI65: =IF(Z65<=0,"ok","") -> ok | AK65: =Tabela1[[#This Row],[Coluna1]]&Tabela1[[#This Row],[PEDIDO]] -> P-198 | AO65: =A65&"/"&J65 -> T-073181-1/05-CV-0001 | AP65: =Tabela1[[#This Row],[TAG]]&Tabela1[[#This Row],[PEDIDO]]&Tabela1[[#This Row],[PRODUTO]] -> 05-CV-0001P-198BASES ROLETES | AQ65: =Tabela1[[#This Row],[PRODUTO]]&Tabela1[[#This Row],[TAG]] -> BASES ROLETES05-CV-0001 | AR65: =Tabela1[[#This Row],[PEDIDO]]&Tabela1[[#This Row],[PRODUTO]] -> P-198BASES ROLETES | AS65: =IF(AF65="",0,IF(ISTEXT(AF65),H65*VALUE(SUBSTITUTE(AF65,"%",""))/100,H65*AF65))-Tabela1[[#This Row],[PRONTO ACABADO2]] -> 0 | AT65: =IF(AG65="",0,IF(ISTEXT(AG65),H65*VALUE(SUBSTITUTE(AG65,"%",""))/100,H65*AG65))-Tabela1[[#This Row],[PESO EXPEDIDO2]] -> 0 | AU65: =IF(AH65="",0,IF(ISTEXT(AH65),H65*VALUE(SUBSTITUTE(AH65,"%",""))/100,H65*AH65)) -> 1064 | AV65: =IF(AG65="",0,IF(ISTEXT(AG65),H65*VALUE(SUBSTITUTE(AG65,"%",""))/100,H65*AG65)) -> 1064
A66: T-073182-1 | C66: 8 | D66: BASE P/ ROLOS DE CARGA 45° - CORREIA 1000MM ROLO Ø152 x 380 | E66: 3762 | F66: 9 | G66: 28.8 | H66: =Tabela1[[#This Row],[PESO UNI]]*Tabela1[[#This Row],[QTE]] -> 230.4 | I66: 0 | J66: 05-CV-0001 | K66: BASES ROLETES | L66: P-198 | M66: 46175 | N66: MDE | Q66: =Tabela1[[#This Row],[QTDE/ Fabricação]]-Tabela1[[#This Row],[QTE]] -> -8 | R66: =IFERROR(H66*((AA66*0.25)+(AC66*0.25)+(AD66*0.225)+(AE66*0.225)+(AF66*0.05)),"") -> 230.4 | S66: =IFERROR(H66*AG66,"") -> 230.4 | T66: =IFERROR(S66-H66,"") -> 0 | U66: =IFERROR(SUMIF('LISTA DE EMBARQUE'!B:B,MICRO!E:E,'LISTA DE EMBARQUE'!G:G),"") -> 8 | V66: =IFERROR(VLOOKUP(Tabela1[[#This Row],[COD.MDE]],'LISTA DE EMBARQUE'!B:L,11,0),"") -> 2 | W66: =IFERROR(COUNTIF(#REF!,Tabela1[[#This Row],[Colunas5]]),"") | X66: =Tabela1[[#This Row],[QIANTIDADE EXPEDIDA]]*Tabela1[[#This Row],[PESO UNI]] -> 230.4 | Y66: =U66-C66 -> 0 | Z66: =Tabela1[[#This Row],[PESO TOTAL]]-Tabela1[[#This Row],[Peso Expedido]] -> 0 | AA66: 1 | AC66: 1 | AD66: 1 | AE66: 1 | AF66: 1 | AG66: 1 | AH66: 1 | AI66: =IF(Z66<=0,"ok","") -> ok | AK66: =Tabela1[[#This Row],[Coluna1]]&Tabela1[[#This Row],[PEDIDO]] -> P-198 | AO66: =A66&"/"&J66 -> T-073182-1/05-CV-0001 | AP66: =Tabela1[[#This Row],[TAG]]&Tabela1[[#This Row],[PEDIDO]]&Tabela1[[#This Row],[PRODUTO]] -> 05-CV-0001P-198BASES ROLETES | AQ66: =Tabela1[[#This Row],[PRODUTO]]&Tabela1[[#This Row],[TAG]] -> BASES ROLETES05-CV-0001 | AR66: =Tabela1[[#This Row],[PEDIDO]]&Tabela1[[#This Row],[PRODUTO]] -> P-198BASES ROLETES | AS66: =IF(AF66="",0,IF(ISTEXT(AF66),H66*VALUE(SUBSTITUTE(AF66,"%",""))/100,H66*AF66))-Tabela1[[#This Row],[PRONTO ACABADO2]] -> 0 | AT66: =IF(AG66="",0,IF(ISTEXT(AG66),H66*VALUE(SUBSTITUTE(AG66,"%",""))/100,H66*AG66))-Tabela1[[#This Row],[PESO EXPEDIDO2]] -> 0 | AU66: =IF(AH66="",0,IF(ISTEXT(AH66),H66*VALUE(SUBSTITUTE(AH66,"%",""))/100,H66*AH66)) -> 230.4 | AV66: =IF(AG66="",0,IF(ISTEXT(AG66),H66*VALUE(SUBSTITUTE(AG66,"%",""))/100,H66*AG66)) -> 230.4
A67: T-073183-1 | C67: 16 | D67: BASE P/ ROLOS DE RETORNO PLANO - CORREIA 1000MM ROLO Ø152 x 1150 | E67: 3763 | F67: 9 | G67: 5.2 | H67: =Tabela1[[#This Row],[PESO UNI]]*Tabela1[[#This Row],[QTE]] -> 83.2 | I67: 0 | J67: 05-CV-0001 | K67: BASES ROLETES | L67: P-198 | M67: 46175 | N67: MDE | Q67: =Tabela1[[#This Row],[QTDE/ Fabricação]]-Tabela1[[#This Row],[QTE]] -> -16 | R67: =IFERROR(H67*((AA67*0.25)+(AC67*0.25)+(AD67*0.225)+(AE67*0.225)+(AF67*0.05)),"") -> 83.2 | S67: =IFERROR(H67*AG67,"") -> 83.2 | T67: =IFERROR(S67-H67,"") -> 0 | U67: =IFERROR(SUMIF('LISTA DE EMBARQUE'!B:B,MICRO!E:E,'LISTA DE EMBARQUE'!G:G),"") -> 16 | V67: =IFERROR(VLOOKUP(Tabela1[[#This Row],[COD.MDE]],'LISTA DE EMBARQUE'!B:L,11,0),"") -> 1 | W67: =IFERROR(COUNTIF(#REF!,Tabela1[[#This Row],[Colunas5]]),"") | X67: =Tabela1[[#This Row],[QIANTIDADE EXPEDIDA]]*Tabela1[[#This Row],[PESO UNI]] -> 83.2 | Y67: =U67-C67 -> 0 | Z67: 0 | AA67: 1 | AC67: 1 | AD67: 1 | AE67: 1 | AF67: 1 | AG67: 1 | AH67: 1 | AI67: =IF(Z67<=0,"ok","") -> ok | AK67: =Tabela1[[#This Row],[Coluna1]]&Tabela1[[#This Row],[PEDIDO]] -> P-198 | AO67: =A67&"/"&J67 -> T-073183-1/05-CV-0001 | AP67: =Tabela1[[#This Row],[TAG]]&Tabela1[[#This Row],[PEDIDO]]&Tabela1[[#This Row],[PRODUTO]] -> 05-CV-0001P-198BASES ROLETES | AQ67: =Tabela1[[#This Row],[PRODUTO]]&Tabela1[[#This Row],[TAG]] -> BASES ROLETES05-CV-0001 | AR67: =Tabela1[[#This Row],[PEDIDO]]&Tabela1[[#This Row],[PRODUTO]] -> P-198BASES ROLETES | AS67: =IF(AF67="",0,IF(ISTEXT(AF67),H67*VALUE(SUBSTITUTE(AF67,"%",""))/100,H67*AF67))-Tabela1[[#This Row],[PRONTO ACABADO2]] -> 0 | AT67: =IF(AG67="",0,IF(ISTEXT(AG67),H67*VALUE(SUBSTITUTE(AG67,"%",""))/100,H67*AG67))-Tabela1[[#This Row],[PESO EXPEDIDO2]] -> 0 | AU67: =IF(AH67="",0,IF(ISTEXT(AH67),H67*VALUE(SUBSTITUTE(AH67,"%",""))/100,H67*AH67)) -> 83.2 | AV67: =IF(AG67="",0,IF(ISTEXT(AG67),H67*VALUE(SUBSTITUTE(AG67,"%",""))/100,H67*AG67)) -> 83.2
A68: T-073184-1 | C68: 2 | D68: BASE P/ ROLOS AUTO ALINHANTE 45° - CORREIA 1000MM ROLO Ø152 x 1150 | E68: 3764 | F68: 9 | G68: 49 | H68: =Tabela1[[#This Row],[PESO UNI]]*Tabela1[[#This Row],[QTE]] -> 98 | I68: 0 | J68: 05-CV-0001 | K68: BASES ROLETES | L68: P-198 | M68: 46175 | N68: MDE | Q68: =Tabela1[[#This Row],[QTDE/ Fabricação]]-Tabela1[[#This Row],[QTE]] -> -2 | R68: =IFERROR(H68*((AA68*0.25)+(AC68*0.25)+(AD68*0.225)+(AE68*0.225)+(AF68*0.05)),"") -> 98 | S68: =IFERROR(H68*AG68,"") -> 98 | T68: =IFERROR(S68-H68,"") -> 0 | U68: =IFERROR(SUMIF('LISTA DE EMBARQUE'!B:B,MICRO!E:E,'LISTA DE EMBARQUE'!G:G),"") -> 2 | V68: =IFERROR(VLOOKUP(Tabela1[[#This Row],[COD.MDE]],'LISTA DE EMBARQUE'!B:L,11,0),"") -> 2 | W68: =IFERROR(COUNTIF(#REF!,Tabela1[[#This Row],[Colunas5]]),"") | X68: =Tabela1[[#This Row],[QIANTIDADE EXPEDIDA]]*Tabela1[[#This Row],[PESO UNI]] -> 98 | Y68: =U68-C68 -> 0 | Z68: =Tabela1[[#This Row],[PESO TOTAL]]-Tabela1[[#This Row],[Peso Expedido]] -> 0 | AA68: 1 | AC68: 1 | AD68: 1 | AE68: 1 | AF68: 1 | AG68: 1 | AH68: 1 | AI68: =IF(Z68<=0,"ok","") -> ok | AK68: =Tabela1[[#This Row],[Coluna1]]&Tabela1[[#This Row],[PEDIDO]] -> P-198 | AO68: =A35&"/"&J35 -> R-3-4-7843/P203 | AP68: =Tabela1[[#This Row],[TAG]]&Tabela1[[#This Row],[PEDIDO]]&Tabela1[[#This Row],[PRODUTO]] -> 05-CV-0001P-198BASES ROLETES | AQ68: =Tabela1[[#This Row],[PRODUTO]]&Tabela1[[#This Row],[TAG]] -> BASES ROLETES05-CV-0001 | AR68: =Tabela1[[#This Row],[PEDIDO]]&Tabela1[[#This Row],[PRODUTO]] -> P-198BASES ROLETES | AS68: =IF(AF68="",0,IF(ISTEXT(AF68),H68*VALUE(SUBSTITUTE(AF68,"%",""))/100,H68*AF68))-Tabela1[[#This Row],[PRONTO ACABADO2]] -> 0 | AT68: =IF(AG68="",0,IF(ISTEXT(AG68),H68*VALUE(SUBSTITUTE(AG68,"%",""))/100,H68*AG68))-Tabela1[[#This Row],[PESO EXPEDIDO2]] -> 0 | AU68: =IF(AH68="",0,IF(ISTEXT(AH68),H68*VALUE(SUBSTITUTE(AH68,"%",""))/100,H68*AH68)) -> 98 | AV68: =IF(AG68="",0,IF(ISTEXT(AG68),H68*VALUE(SUBSTITUTE(AG68,"%",""))/100,H68*AG68)) -> 98
A69: T-073185-1 | C69: 2 | D69: BASE P/ ROLOS DA BALANÇA 45° - CORREIA 1000MM ROLO Ø152 x 380 | E69: 3765 | F69: 9 | G69: 28 | H69: =Tabela1[[#This Row],[PESO UNI]]*Tabela1[[#This Row],[QTE]] -> 56 | I69: 0 | J69: 05-CV-0001 | K69: BASES ROLETES | L69: P-198 | M69: 46175 | N69: MDE | Q69: =Tabela1[[#This Row],[QTDE/ Fabricação]]-Tabela1[[#This Row],[QTE]] -> -2 | R69: =IFERROR(H69*((AA69*0.25)+(AC69*0.25)+(AD69*0.225)+(AE69*0.225)+(AF69*0.05)),"") -> 56 | S69: =IFERROR(H69*AG69,"") -> 56 | T69: =IFERROR(S69-H69,"") -> 0 | U69: =IFERROR(SUMIF('LISTA DE EMBARQUE'!B:B,MICRO!E:E,'LISTA DE EMBARQUE'!G:G),"") -> 2 | V69: =IFERROR(VLOOKUP(Tabela1[[#This Row],[COD.MDE]],'LISTA DE EMBARQUE'!B:L,11,0),"") -> 2 | W69: =IFERROR(COUNTIF(#REF!,Tabela1[[#This Row],[Colunas5]]),"") | X69: =Tabela1[[#This Row],[QIANTIDADE EXPEDIDA]]*Tabela1[[#This Row],[PESO UNI]] -> 56 | Y69: =U69-C69 -> 0 | Z69: =Tabela1[[#This Row],[PESO TOTAL]]-Tabela1[[#This Row],[Peso Expedido]] -> 0 | AA69: 1 | AC69: 1 | AD69: 1 | AE69: 1 | AF69: 1 | AG69: 1 | AH69: 1 | AI69: =IF(Z69<=0,"ok","") -> ok | AK69: =Tabela1[[#This Row],[Coluna1]]&Tabela1[[#This Row],[PEDIDO]] -> P-198 | AO69: =A69&"/"&J69 -> T-073185-1/05-CV-0001 | AP69: =Tabela1[[#This Row],[TAG]]&Tabela1[[#This Row],[PEDIDO]]&Tabela1[[#This Row],[PRODUTO]] -> 05-CV-0001P-198BASES ROLETES | AQ69: =Tabela1[[#This Row],[PRODUTO]]&Tabela1[[#This Row],[TAG]] -> BASES ROLETES05-CV-0001 | AR69: =Tabela1[[#This Row],[PEDIDO]]&Tabela1[[#This Row],[PRODUTO]] -> P-198BASES ROLETES | AS69: =IF(AF69="",0,IF(ISTEXT(AF69),H69*VALUE(SUBSTITUTE(AF69,"%",""))/100,H69*AF69))-Tabela1[[#This Row],[PRONTO ACABADO2]] -> 0 | AT69: =IF(AG69="",0,IF(ISTEXT(AG69),H69*VALUE(SUBSTITUTE(AG69,"%",""))/100,H69*AG69))-Tabela1[[#This Row],[PESO EXPEDIDO2]] -> 0 | AU69: =IF(AH69="",0,IF(ISTEXT(AH69),H69*VALUE(SUBSTITUTE(AH69,"%",""))/100,H69*AH69)) -> 56 | AV69: =IF(AG69="",0,IF(ISTEXT(AG69),H69*VALUE(SUBSTITUTE(AG69,"%",""))/100,H69*AG69)) -> 56
A70: T-054923-1 | C70: 4 | D70: BASE P/ ROLO DE PROTEÇÃO ROLETE Ø89 x 150 | E70: 3766 | F70: 9 | G70: 2.7 | H70: =Tabela1[[#This Row],[PESO UNI]]*Tabela1[[#This Row],[QTE]] -> 10.8 | I70: 0 | J70: 05-CV-0001 | K70: BASES ROLETES | L70: P-198 | M70: 46175 | N70: MDE | Q70: =Tabela1[[#This Row],[QTDE/ Fabricação]]-Tabela1[[#This Row],[QTE]] -> -4 | R70: =IFERROR(H70*((AA70*0.25)+(AC70*0.25)+(AD70*0.225)+(AE70*0.225)+(AF70*0.05)),"") -> 10.8 | S70: =IFERROR(H70*AG70,"") -> 10.8 | T70: =IFERROR(S70-H70,"") -> 0 | U70: =IFERROR(SUMIF('LISTA DE EMBARQUE'!B:B,MICRO!E:E,'LISTA DE EMBARQUE'!G:G),"") -> 4 | V70: =IFERROR(VLOOKUP(Tabela1[[#This Row],[COD.MDE]],'LISTA DE EMBARQUE'!B:L,11,0),"") -> 1 | W70: =IFERROR(COUNTIF(#REF!,Tabela1[[#This Row],[Colunas5]]),"") | X70: =Tabela1[[#This Row],[QIANTIDADE EXPEDIDA]]*Tabela1[[#This Row],[PESO UNI]] -> 10.8 | Y70: =U70-C70 -> 0 | Z70: =Tabela1[[#This Row],[PESO TOTAL]]-Tabela1[[#This Row],[Peso Expedido]] -> 0 | AA70: 1 | AC70: 1 | AD70: 1 | AE70: 1 | AF70: 1 | AG70: 1 | AH70: 1 | AI70: =IF(Z70<=0,"ok","") -> ok | AK70: =Tabela1[[#This Row],[Coluna1]]&Tabela1[[#This Row],[PEDIDO]] -> P-198 | AO70: =A70&"/"&J70 -> T-054923-1/05-CV-0001 | AP70: =Tabela1[[#This Row],[TAG]]&Tabela1[[#This Row],[PEDIDO]]&Tabela1[[#This Row],[PRODUTO]] -> 05-CV-0001P-198BASES ROLETES | AQ70: =Tabela1[[#This Row],[PRODUTO]]&Tabela1[[#This Row],[TAG]] -> BASES ROLETES05-CV-0001 | AR70: =Tabela1[[#This Row],[PEDIDO]]&Tabela1[[#This Row],[PRODUTO]] -> P-198BASES ROLETES | AS70: =IF(AF70="",0,IF(ISTEXT(AF70),H70*VALUE(SUBSTITUTE(AF70,"%",""))/100,H70*AF70))-Tabela1[[#This Row],[PRONTO ACABADO2]] -> 0 | AT70: =IF(AG70="",0,IF(ISTEXT(AG70),H70*VALUE(SUBSTITUTE(AG70,"%",""))/100,H70*AG70))-Tabela1[[#This Row],[PESO EXPEDIDO2]] -> 0 | AU70: =IF(AH70="",0,IF(ISTEXT(AH70),H70*VALUE(SUBSTITUTE(AH70,"%",""))/100,H70*AH70)) -> 10.8 | AV70: =IF(AG70="",0,IF(ISTEXT(AG70),H70*VALUE(SUBSTITUTE(AG70,"%",""))/100,H70*AG70)) -> 10.8
A71: T-054923-1 | C71: 4 | D71: BASE PARA ROLO DE PROTEÇÃO - ROLETE Ø89 X 150 | E71: 3767 | F71: 19 | G71: 2.7 | H71: =Tabela1[[#This Row],[PESO UNI]]*Tabela1[[#This Row],[QTE]] -> 10.8 | I71: 1 | J71: 14-AC-0001 | K71: BASES ROLETES | L71: P-198 | M71: 46181 | N71: MDE | Q71: =Tabela1[[#This Row],[QTDE/ Fabricação]]-Tabela1[[#This Row],[QTE]] -> -4 | R71: =IFERROR(H71*((AA71*0.25)+(AC71*0.25)+(AD71*0.225)+(AE71*0.225)+(AF71*0.05)),"") -> 10.8 | S71: =IFERROR(H71*AG71,"") -> 10.8 | T71: =IFERROR(S71-H71,"") -> 0 | U71: =IFERROR(SUMIF('LISTA DE EMBARQUE'!B:B,MICRO!E:E,'LISTA DE EMBARQUE'!G:G),"") -> 4 | V71: =IFERROR(VLOOKUP(Tabela1[[#This Row],[COD.MDE]],'LISTA DE EMBARQUE'!B:L,11,0),"") -> 1 | W71: =IFERROR(COUNTIF(#REF!,Tabela1[[#This Row],[Colunas5]]),"") | X71: =Tabela1[[#This Row],[QIANTIDADE EXPEDIDA]]*Tabela1[[#This Row],[PESO UNI]] -> 10.8 | Y71: =U71-C71 -> 0 | Z71: =Tabela1[[#This Row],[PESO TOTAL]]-Tabela1[[#This Row],[Peso Expedido]] -> 0 | AA71: 1 | AC71: 1 | AD71: 1 | AE71: 1 | AF71: 1 | AG71: 1 | AH71: 1 | AI71: =IF(Z71<=0,"ok","") -> ok | AK71: =Tabela1[[#This Row],[Coluna1]]&Tabela1[[#This Row],[PEDIDO]] -> P-198 | AO71: =A71&"/"&J71 -> T-054923-1/14-AC-0001 | AP71: =Tabela1[[#This Row],[TAG]]&Tabela1[[#This Row],[PEDIDO]]&Tabela1[[#This Row],[PRODUTO]] -> 14-AC-0001P-198BASES ROLETES | AQ71: =Tabela1[[#This Row],[PRODUTO]]&Tabela1[[#This Row],[TAG]] -> BASES ROLETES14-AC-0001 | AR71: =Tabela1[[#This Row],[PEDIDO]]&Tabela1[[#This Row],[PRODUTO]] -> P-198BASES ROLETES | AS71: =IF(AF71="",0,IF(ISTEXT(AF71),H71*VALUE(SUBSTITUTE(AF71,"%",""))/100,H71*AF71))-Tabela1[[#This Row],[PRONTO ACABADO2]] -> 0 | AT71: =IF(AG71="",0,IF(ISTEXT(AG71),H71*VALUE(SUBSTITUTE(AG71,"%",""))/100,H71*AG71))-Tabela1[[#This Row],[PESO EXPEDIDO2]] -> 0 | AU71: =IF(AH71="",0,IF(ISTEXT(AH71),H71*VALUE(SUBSTITUTE(AH71,"%",""))/100,H71*AH71)) -> 10.8 | AV71: =IF(AG71="",0,IF(ISTEXT(AG71),H71*VALUE(SUBSTITUTE(AG71,"%",""))/100,H71*AG71)) -> 10.8
A72: T-073193-1 | C72: 36 | D72: BASE DE IMPACTO PICKING - INCL. 20º - CORREIA 1800mm - ROLO Ø40/152 x 235 | E72: 3768 | F72: 19 | G72: 86.2 | H72: =Tabela1[[#This Row],[PESO UNI]]*Tabela1[[#This Row],[QTE]] -> 3103.2 | I72: 0 | J72: 14-AC-0001 | K72: BASES ROLETES | L72: P-198 | M72: 46181 | N72: MDE | Q72: =Tabela1[[#This Row],[QTDE/ Fabricação]]-Tabela1[[#This Row],[QTE]] -> -36 | R72: =IFERROR(H72*((AA72*0.25)+(AC72*0.25)+(AD72*0.225)+(AE72*0.225)+(AF72*0.05)),"") -> 3103.2 | S72: =IFERROR(H72*AG72,"") -> 3103.2 | T72: =IFERROR(S72-H72,"") -> 0 | U72: =IFERROR(SUMIF('LISTA DE EMBARQUE'!B:B,MICRO!E:E,'LISTA DE EMBARQUE'!G:G),"") -> 36 | V72: =IFERROR(VLOOKUP(Tabela1[[#This Row],[COD.MDE]],'LISTA DE EMBARQUE'!B:L,11,0),"") -> 1 | W72: =IFERROR(COUNTIF(#REF!,Tabela1[[#This Row],[Colunas5]]),"") | X72: =Tabela1[[#This Row],[QIANTIDADE EXPEDIDA]]*Tabela1[[#This Row],[PESO UNI]] -> 3103.2 | Y72: =U72-C72 -> 0 | Z72: =Tabela1[[#This Row],[PESO TOTAL]]-Tabela1[[#This Row],[Peso Expedido]] -> 0 | AA72: 1 | AC72: 1 | AD72: 1 | AE72: 1 | AF72: 1 | AG72: 1 | AH72: 1 | AI72: =IF(Z72<=0,"ok","") -> ok | AK72: =Tabela1[[#This Row],[Coluna1]]&Tabela1[[#This Row],[PEDIDO]] -> P-198 | AO72: =A72&"/"&J72 -> T-073193-1/14-AC-0001 | AP72: =Tabela1[[#This Row],[TAG]]&Tabela1[[#This Row],[PEDIDO]]&Tabela1[[#This Row],[PRODUTO]] -> 14-AC-0001P-198BASES ROLETES | AQ72: =Tabela1[[#This Row],[PRODUTO]]&Tabela1[[#This Row],[TAG]] -> BASES ROLETES14-AC-0001 | AR72: =Tabela1[[#This Row],[PEDIDO]]&Tabela1[[#This Row],[PRODUTO]] -> P-198BASES ROLETES | AS72: =IF(AF72="",0,IF(ISTEXT(AF72),H72*VALUE(SUBSTITUTE(AF72,"%",""))/100,H72*AF72))-Tabela1[[#This Row],[PRONTO ACABADO2]] -> 0 | AT72: =IF(AG72="",0,IF(ISTEXT(AG72),H72*VALUE(SUBSTITUTE(AG72,"%",""))/100,H72*AG72))-Tabela1[[#This Row],[PESO EXPEDIDO2]] -> 0 | AU72: =IF(AH72="",0,IF(ISTEXT(AH72),H72*VALUE(SUBSTITUTE(AH72,"%",""))/100,H72*AH72)) -> 3103.2 | AV72: =IF(AG72="",0,IF(ISTEXT(AG72),H72*VALUE(SUBSTITUTE(AG72,"%",""))/100,H72*AG72)) -> 3103.2
A73: T-073194-1 | C73: 4 | D73: BASE DE RETORNO EM V PICKING - INCL. 10º - CORREIA 1800mm - ROLO Ø152 x 950 | E73: 3769 | F73: 19 | G73: 60 | H73: =Tabela1[[#This Row],[PESO UNI]]*Tabela1[[#This Row],[QTE]] -> 240 | I73: 0 | J73: 14-AC-0001 | K73: BASES ROLETES | L73: P-198 | M73: 46181 | N73: MDE | Q73: =Tabela1[[#This Row],[QTDE/ Fabricação]]-Tabela1[[#This Row],[QTE]] -> -4 | R73: =IFERROR(H73*((AA73*0.25)+(AC73*0.25)+(AD73*0.225)+(AE73*0.225)+(AF73*0.05)),"") -> 240 | S73: =IFERROR(H73*AG73,"") -> 240 | T73: =IFERROR(S73-H73,"") -> 0 | U73: =IFERROR(SUMIF('LISTA DE EMBARQUE'!B:B,MICRO!E:E,'LISTA DE EMBARQUE'!G:G),"") -> 4 | V73: =IFERROR(VLOOKUP(Tabela1[[#This Row],[COD.MDE]],'LISTA DE EMBARQUE'!B:L,11,0),"") -> 1 | W73: =IFERROR(COUNTIF(#REF!,Tabela1[[#This Row],[Colunas5]]),"") | X73: =Tabela1[[#This Row],[QIANTIDADE EXPEDIDA]]*Tabela1[[#This Row],[PESO UNI]] -> 240 | Y73: =U73-C73 -> 0 | Z73: =Tabela1[[#This Row],[PESO TOTAL]]-Tabela1[[#This Row],[Peso Expedido]] -> 0 | AA73: 1 | AC73: 1 | AD73: 1 | AE73: 1 | AF73: 1 | AG73: 1 | AH73: 1 | AI73: =IF(Z73<=0,"ok","") -> ok | AK73: =Tabela1[[#This Row],[Coluna1]]&Tabela1[[#This Row],[PEDIDO]] -> P-198 | AO73: =A73&"/"&J73 -> T-073194-1/14-AC-0001 | AP73: =Tabela1[[#This Row],[TAG]]&Tabela1[[#This Row],[PEDIDO]]&Tabela1[[#This Row],[PRODUTO]] -> 14-AC-0001P-198BASES ROLETES | AQ73: =Tabela1[[#This Row],[PRODUTO]]&Tabela1[[#This Row],[TAG]] -> BASES ROLETES14-AC-0001 | AR73: =Tabela1[[#This Row],[PEDIDO]]&Tabela1[[#This Row],[PRODUTO]] -> P-198BASES ROLETES | AS73: =IF(AF73="",0,IF(ISTEXT(AF73),H73*VALUE(SUBSTITUTE(AF73,"%",""))/100,H73*AF73))-Tabela1[[#This Row],[PRONTO ACABADO2]] -> 0 | AT73: =IF(AG73="",0,IF(ISTEXT(AG73),H73*VALUE(SUBSTITUTE(AG73,"%",""))/100,H73*AG73))-Tabela1[[#This Row],[PESO EXPEDIDO2]] -> 0 | AU73: =IF(AH73="",0,IF(ISTEXT(AH73),H73*VALUE(SUBSTITUTE(AH73,"%",""))/100,H73*AH73)) -> 240 | AV73: =IF(AG73="",0,IF(ISTEXT(AG73),H73*VALUE(SUBSTITUTE(AG73,"%",""))/100,H73*AG73)) -> 240
A74: T-073195-1 | C74: 2 | D74: BASE DE RETORNO PICKING - CORREIA 1800mm - ROLO Ø152 x 950 | E74: 3770 | F74: 19 | G74: 28 | H74: =Tabela1[[#This Row],[PESO UNI]]*Tabela1[[#This Row],[QTE]] -> 56 | I74: 0 | J74: 14-AC-0001 | K74: BASES ROLETES | L74: P-198 | M74: 46181 | N74: MDE | Q74: =Tabela1[[#This Row],[QTDE/ Fabricação]]-Tabela1[[#This Row],[QTE]] -> -2 | R74: =IFERROR(H74*((AA74*0.25)+(AC74*0.25)+(AD74*0.225)+(AE74*0.225)+(AF74*0.05)),"") -> 56 | S74: =IFERROR(H74*AG74,"") -> 56 | T74: =IFERROR(S74-H74,"") -> 0 | U74: =IFERROR(SUMIF('LISTA DE EMBARQUE'!B:B,MICRO!E:E,'LISTA DE EMBARQUE'!G:G),"") -> 2 | V74: =IFERROR(VLOOKUP(Tabela1[[#This Row],[COD.MDE]],'LISTA DE EMBARQUE'!B:L,11,0),"") -> 1 | W74: =IFERROR(COUNTIF(#REF!,Tabela1[[#This Row],[Colunas5]]),"") | X74: =Tabela1[[#This Row],[QIANTIDADE EXPEDIDA]]*Tabela1[[#This Row],[PESO UNI]] -> 56 | Y74: =U74-C74 -> 0 | Z74: =Tabela1[[#This Row],[PESO TOTAL]]-Tabela1[[#This Row],[Peso Expedido]] -> 0 | AA74: 1 | AC74: 1 | AD74: 1 | AE74: 1 | AF74: 1 | AG74: 1 | AH74: 1 | AI74: =IF(Z74<=0,"ok","") -> ok | AK74: =Tabela1[[#This Row],[Coluna1]]&Tabela1[[#This Row],[PEDIDO]] -> P-198 | AO74: =A74&"/"&J74 -> T-073195-1/14-AC-0001 | AP74: =Tabela1[[#This Row],[TAG]]&Tabela1[[#This Row],[PEDIDO]]&Tabela1[[#This Row],[PRODUTO]] -> 14-AC-0001P-198BASES ROLETES | AQ74: =Tabela1[[#This Row],[PRODUTO]]&Tabela1[[#This Row],[TAG]] -> BASES ROLETES14-AC-0001 | AR74: =Tabela1[[#This Row],[PEDIDO]]&Tabela1[[#This Row],[PRODUTO]] -> P-198BASES ROLETES | AS74: =IF(AF74="",0,IF(ISTEXT(AF74),H74*VALUE(SUBSTITUTE(AF74,"%",""))/100,H74*AF74))-Tabela1[[#This Row],[PRONTO ACABADO2]] -> 0 | AT74: =IF(AG74="",0,IF(ISTEXT(AG74),H74*VALUE(SUBSTITUTE(AG74,"%",""))/100,H74*AG74))-Tabela1[[#This Row],[PESO EXPEDIDO2]] -> 0 | AU74: =IF(AH74="",0,IF(ISTEXT(AH74),H74*VALUE(SUBSTITUTE(AH74,"%",""))/100,H74*AH74)) -> 56 | AV74: =IF(AG74="",0,IF(ISTEXT(AG74),H74*VALUE(SUBSTITUTE(AG74,"%",""))/100,H74*AG74)) -> 56
A75: R-1-4-11013 | C75: 24 | D75: ROLO DE CARGA CENTRAL - Ø152 x 1550 - 6308 | E75: 3771 | F75: 18 | G75: 50 | H75: =Tabela1[[#This Row],[PESO UNI]]*Tabela1[[#This Row],[QTE]] -> 1200 | I75: 0 | J75: 14-AC-0001 | K75: ROLOS | L75: P-198 | M75: 46181 | N75: MDE | Q75: =Tabela1[[#This Row],[QTDE/ Fabricação]]-Tabela1[[#This Row],[QTE]] -> -24 | R75: =IFERROR(H75*((AA75*0.25)+(AC75*0.25)+(AD75*0.225)+(AE75*0.225)+(AF75*0.05)),"") -> 1200 | S75: =IFERROR(H75*AG75,"") -> 1200 | T75: =IFERROR(S75-H75,"") -> 0 | U75: =IFERROR(SUMIF('LISTA DE EMBARQUE'!B:B,MICRO!E:E,'LISTA DE EMBARQUE'!G:G),"") -> 24 | V75: =IFERROR(VLOOKUP(Tabela1[[#This Row],[COD.MDE]],'LISTA DE EMBARQUE'!B:L,11,0),"") -> 2 | W75: =IFERROR(COUNTIF(#REF!,Tabela1[[#This Row],[Colunas5]]),"") | X75: =Tabela1[[#This Row],[QIANTIDADE EXPEDIDA]]*Tabela1[[#This Row],[PESO UNI]] -> 1200 | Y75: =U75-C75 -> 0 | Z75: =Tabela1[[#This Row],[PESO TOTAL]]-Tabela1[[#This Row],[Peso Expedido]] -> 0 | AA75: 1 | AC75: 1 | AD75: 1 | AE75: 1 | AF75: 1 | AG75: 1 | AH75: 1 | AI75: =IF(Z75<=0,"ok","") -> ok | AK75: =Tabela1[[#This Row],[Coluna1]]&Tabela1[[#This Row],[PEDIDO]] -> P-198 | AO75: =A75&"/"&J75 -> R-1-4-11013/14-AC-0001 | AP75: =Tabela1[[#This Row],[TAG]]&Tabela1[[#This Row],[PEDIDO]]&Tabela1[[#This Row],[PRODUTO]] -> 14-AC-0001P-198ROLOS | AQ75: =Tabela1[[#This Row],[PRODUTO]]&Tabela1[[#This Row],[TAG]] -> ROLOS14-AC-0001 | AR75: =Tabela1[[#This Row],[PEDIDO]]&Tabela1[[#This Row],[PRODUTO]] -> P-198ROLOS | AS75: =IF(AF75="",0,IF(ISTEXT(AF75),H75*VALUE(SUBSTITUTE(AF75,"%",""))/100,H75*AF75))-Tabela1[[#This Row],[PRONTO ACABADO2]] -> 0 | AT75: =IF(AG75="",0,IF(ISTEXT(AG75),H75*VALUE(SUBSTITUTE(AG75,"%",""))/100,H75*AG75))-Tabela1[[#This Row],[PESO EXPEDIDO2]] -> 0 | AU75: =IF(AH75="",0,IF(ISTEXT(AH75),H75*VALUE(SUBSTITUTE(AH75,"%",""))/100,H75*AH75)) -> 1200 | AV75: =IF(AG75="",0,IF(ISTEXT(AG75),H75*VALUE(SUBSTITUTE(AG75,"%",""))/100,H75*AG75)) -> 1200
A76: R-1-4-11014 | C76: 72 | D76: ROLO DE CARGA LATERAL - Ø152 x 235 - 6308 | E76: 3772 | F76: 18 | G76: 12 | H76: =Tabela1[[#This Row],[PESO UNI]]*Tabela1[[#This Row],[QTE]] -> 864 | I76: 0 | J76: 14-AC-0001 | K76: ROLOS | L76: P-198 | M76: 46181 | N76: MDE | Q76: =Tabela1[[#This Row],[QTDE/ Fabricação]]-Tabela1[[#This Row],[QTE]] -> -72 | R76: =IFERROR(H76*((AA76*0.25)+(AC76*0.25)+(AD76*0.225)+(AE76*0.225)+(AF76*0.05)),"") -> 864 | S76: =IFERROR(H76*AG76,"") -> 864 | T76: =IFERROR(S76-H76,"") -> 0 | U76: =IFERROR(SUMIF('LISTA DE EMBARQUE'!B:B,MICRO!E:E,'LISTA DE EMBARQUE'!G:G),"") -> 72 | V76: =IFERROR(VLOOKUP(Tabela1[[#This Row],[COD.MDE]],'LISTA DE EMBARQUE'!B:L,11,0),"") -> 1 | W76: =IFERROR(COUNTIF(#REF!,Tabela1[[#This Row],[Colunas5]]),"") | X76: =Tabela1[[#This Row],[QIANTIDADE EXPEDIDA]]*Tabela1[[#This Row],[PESO UNI]] -> 864 | Y76: =U76-C76 -> 0 | Z76: =Tabela1[[#This Row],[PESO TOTAL]]-Tabela1[[#This Row],[Peso Expedido]] -> 0 | AA76: 1 | AC76: 1 | AD76: 1 | AE76: 1 | AF76: 1 | AG76: 1 | AH76: 1 | AI76: =IF(Z76<=0,"ok","") -> ok | AK76: =Tabela1[[#This Row],[Coluna1]]&Tabela1[[#This Row],[PEDIDO]] -> P-198 | AO76: =A76&"/"&J76 -> R-1-4-11014/14-AC-0001 | AP76: =Tabela1[[#This Row],[TAG]]&Tabela1[[#This Row],[PEDIDO]]&Tabela1[[#This Row],[PRODUTO]] -> 14-AC-0001P-198ROLOS | AQ76: =Tabela1[[#This Row],[PRODUTO]]&Tabela1[[#This Row],[TAG]] -> ROLOS14-AC-0001 | AR76: =Tabela1[[#This Row],[PEDIDO]]&Tabela1[[#This Row],[PRODUTO]] -> P-198ROLOS | AS76: =IF(AF76="",0,IF(ISTEXT(AF76),H76*VALUE(SUBSTITUTE(AF76,"%",""))/100,H76*AF76))-Tabela1[[#This Row],[PRONTO ACABADO2]] -> 0 | AT76: =IF(AG76="",0,IF(ISTEXT(AG76),H76*VALUE(SUBSTITUTE(AG76,"%",""))/100,H76*AG76))-Tabela1[[#This Row],[PESO EXPEDIDO2]] -> 0 | AU76: =IF(AH76="",0,IF(ISTEXT(AH76),H76*VALUE(SUBSTITUTE(AH76,"%",""))/100,H76*AH76)) -> 864 | AV76: =IF(AG76="",0,IF(ISTEXT(AG76),H76*VALUE(SUBSTITUTE(AG76,"%",""))/100,H76*AG76)) -> 864
A77: R-1-4-11015 | C77: 12 | D77: ROLO DE IMPACTO CENTRAL - Ø152/114 x 1550 - 6308 | E77: 3773 | F77: 18 | G77: 67 | H77: =Tabela1[[#This Row],[PESO UNI]]*Tabela1[[#This Row],[QTE]] -> 804 | I77: 0 | J77: 14-AC-0001 | K77: ROLOS | L77: P-198 | M77: 46181 | N77: MDE | Q77: =Tabela1[[#This Row],[QTDE/ Fabricação]]-Tabela1[[#This Row],[QTE]] -> -12 | R77: =IFERROR(H77*((AA77*0.25)+(AC77*0.25)+(AD77*0.225)+(AE77*0.225)+(AF77*0.05)),"") -> 804 | S77: =IFERROR(H77*AG77,"") -> 804 | T77: =IFERROR(S77-H77,"") -> 0 | U77: =IFERROR(SUMIF('LISTA DE EMBARQUE'!B:B,MICRO!E:E,'LISTA DE EMBARQUE'!G:G),"") -> 12 | V77: =IFERROR(VLOOKUP(Tabela1[[#This Row],[COD.MDE]],'LISTA DE EMBARQUE'!B:L,11,0),"") -> 2 | W77: =IFERROR(COUNTIF(#REF!,Tabela1[[#This Row],[Colunas5]]),"") | X77: =Tabela1[[#This Row],[QIANTIDADE EXPEDIDA]]*Tabela1[[#This Row],[PESO UNI]] -> 804 | Y77: =U77-C77 -> 0 | Z77: =Tabela1[[#This Row],[PESO TOTAL]]-Tabela1[[#This Row],[Peso Expedido]] -> 0 | AA77: 1 | AC77: 1 | AD77: 1 | AE77: 1 | AF77: 1 | AG77: 1 | AH77: 1 | AI77: =IF(Z77<=0,"ok","") -> ok | AK77: =Tabela1[[#This Row],[Coluna1]]&Tabela1[[#This Row],[PEDIDO]] -> P-198 | AO77: =A77&"/"&J77 -> R-1-4-11015/14-AC-0001 | AP77: =Tabela1[[#This Row],[TAG]]&Tabela1[[#This Row],[PEDIDO]]&Tabela1[[#This Row],[PRODUTO]] -> 14-AC-0001P-198ROLOS | AQ77: =Tabela1[[#This Row],[PRODUTO]]&Tabela1[[#This Row],[TAG]] -> ROLOS14-AC-0001 | AR77: =Tabela1[[#This Row],[PEDIDO]]&Tabela1[[#This Row],[PRODUTO]] -> P-198ROLOS | AS77: =IF(AF77="",0,IF(ISTEXT(AF77),H77*VALUE(SUBSTITUTE(AF77,"%",""))/100,H77*AF77))-Tabela1[[#This Row],[PRONTO ACABADO2]] -> 0 | AT77: =IF(AG77="",0,IF(ISTEXT(AG77),H77*VALUE(SUBSTITUTE(AG77,"%",""))/100,H77*AG77))-Tabela1[[#This Row],[PESO EXPEDIDO2]] -> 0 | AU77: =IF(AH77="",0,IF(ISTEXT(AH77),H77*VALUE(SUBSTITUTE(AH77,"%",""))/100,H77*AH77)) -> 804 | AV77: =IF(AG77="",0,IF(ISTEXT(AG77),H77*VALUE(SUBSTITUTE(AG77,"%",""))/100,H77*AG77)) -> 804
A78: R-3-4-11017 | C78: 10 | D78: ROLO DE RETORNO EM V - Ø152/114 x 950 - 6308 | E78: 3774 | F78: 18 | G78: 46.9 | H78: =Tabela1[[#This Row],[PESO UNI]]*Tabela1[[#This Row],[QTE]] -> 469 | I78: 0 | J78: 14-AC-0001 | K78: ROLOS | L78: P-198 | M78: 46181 | N78: MDE | Q78: =Tabela1[[#This Row],[QTDE/ Fabricação]]-Tabela1[[#This Row],[QTE]] -> -10 | R78: =IFERROR(H78*((AA78*0.25)+(AC78*0.25)+(AD78*0.225)+(AE78*0.225)+(AF78*0.05)),"") -> 469 | S78: =IFERROR(H78*AG78,"") -> 469 | T78: =IFERROR(S78-H78,"") -> 0 | U78: =IFERROR(SUMIF('LISTA DE EMBARQUE'!B:B,MICRO!E:E,'LISTA DE EMBARQUE'!G:G),"") -> 10 | V78: =IFERROR(VLOOKUP(Tabela1[[#This Row],[COD.MDE]],'LISTA DE EMBARQUE'!B:L,11,0),"") -> 2 | W78: =IFERROR(COUNTIF(#REF!,Tabela1[[#This Row],[Colunas5]]),"") | X78: =Tabela1[[#This Row],[QIANTIDADE EXPEDIDA]]*Tabela1[[#This Row],[PESO UNI]] -> 469 | Y78: =U78-C78 -> 0 | Z78: =Tabela1[[#This Row],[PESO TOTAL]]-Tabela1[[#This Row],[Peso Expedido]] -> 0 | AA78: 1 | AC78: 1 | AD78: 1 | AE78: 1 | AF78: 1 | AG78: 1 | AH78: 1 | AI78: =IF(Z78<=0,"ok","") -> ok | AK78: =Tabela1[[#This Row],[Coluna1]]&Tabela1[[#This Row],[PEDIDO]] -> P-198 | AO78: =A78&"/"&J78 -> R-3-4-11017/14-AC-0001 | AP78: =Tabela1[[#This Row],[TAG]]&Tabela1[[#This Row],[PEDIDO]]&Tabela1[[#This Row],[PRODUTO]] -> 14-AC-0001P-198ROLOS | AQ78: =Tabela1[[#This Row],[PRODUTO]]&Tabela1[[#This Row],[TAG]] -> ROLOS14-AC-0001 | AR78: =Tabela1[[#This Row],[PEDIDO]]&Tabela1[[#This Row],[PRODUTO]] -> P-198ROLOS | AS78: =IF(AF78="",0,IF(ISTEXT(AF78),H78*VALUE(SUBSTITUTE(AF78,"%",""))/100,H78*AF78))-Tabela1[[#This Row],[PRONTO ACABADO2]] -> 0 | AT78: =IF(AG78="",0,IF(ISTEXT(AG78),H78*VALUE(SUBSTITUTE(AG78,"%",""))/100,H78*AG78))-Tabela1[[#This Row],[PESO EXPEDIDO2]] -> 0 | AU78: =IF(AH78="",0,IF(ISTEXT(AH78),H78*VALUE(SUBSTITUTE(AH78,"%",""))/100,H78*AH78)) -> 469 | AV78: =IF(AG78="",0,IF(ISTEXT(AG78),H78*VALUE(SUBSTITUTE(AG78,"%",""))/100,H78*AG78)) -> 469
A79: T-054922-4 | C79: 4 | D79: ROLO DE PROTEÇÃO - Ø89 x 150 - 6204 | E79: 3775 | F79: 18 | G79: 2.7 | H79: =Tabela1[[#This Row],[PESO UNI]]*Tabela1[[#This Row],[QTE]] -> 10.8 | I79: 0 | J79: 14-AC-0001 | K79: ROLOS | L79: P-198 | M79: 46181 | N79: MDE | Q79: =Tabela1[[#This Row],[QTDE/ Fabricação]]-Tabela1[[#This Row],[QTE]] -> -4 | R79: =IFERROR(H79*((AA79*0.25)+(AC79*0.25)+(AD79*0.225)+(AE79*0.225)+(AF79*0.05)),"") -> 10.8 | S79: =IFERROR(H79*AG79,"") -> 10.8 | T79: =IFERROR(S79-H79,"") -> 0 | U79: =IFERROR(SUMIF('LISTA DE EMBARQUE'!B:B,MICRO!E:E,'LISTA DE EMBARQUE'!G:G),"") -> 4 | V79: =IFERROR(VLOOKUP(Tabela1[[#This Row],[COD.MDE]],'LISTA DE EMBARQUE'!B:L,11,0),"") -> 2 | W79: =IFERROR(COUNTIF(#REF!,Tabela1[[#This Row],[Colunas5]]),"") | X79: =Tabela1[[#This Row],[QIANTIDADE EXPEDIDA]]*Tabela1[[#This Row],[PESO UNI]] -> 10.8 | Y79: =U79-C79 -> 0 | Z79: =Tabela1[[#This Row],[PESO TOTAL]]-Tabela1[[#This Row],[Peso Expedido]] -> 0 | AA79: 1 | AC79: 1 | AD79: 1 | AE79: 1 | AF79: 1 | AG79: 1 | AH79: 1 | AI79: =IF(Z79<=0,"ok","") -> ok | AK79: =Tabela1[[#This Row],[Coluna1]]&Tabela1[[#This Row],[PEDIDO]] -> P-198 | AO79: =A79&"/"&J79 -> T-054922-4/14-AC-0001 | AP79: =Tabela1[[#This Row],[TAG]]&Tabela1[[#This Row],[PEDIDO]]&Tabela1[[#This Row],[PRODUTO]] -> 14-AC-0001P-198ROLOS | AQ79: =Tabela1[[#This Row],[PRODUTO]]&Tabela1[[#This Row],[TAG]] -> ROLOS14-AC-0001 | AR79: =Tabela1[[#This Row],[PEDIDO]]&Tabela1[[#This Row],[PRODUTO]] -> P-198ROLOS | AS79: =IF(AF79="",0,IF(ISTEXT(AF79),H79*VALUE(SUBSTITUTE(AF79,"%",""))/100,H79*AF79))-Tabela1[[#This Row],[PRONTO ACABADO2]] -> 0 | AT79: =IF(AG79="",0,IF(ISTEXT(AG79),H79*VALUE(SUBSTITUTE(AG79,"%",""))/100,H79*AG79))-Tabela1[[#This Row],[PESO EXPEDIDO2]] -> 0 | AU79: =IF(AH79="",0,IF(ISTEXT(AH79),H79*VALUE(SUBSTITUTE(AH79,"%",""))/100,H79*AH79)) -> 10.8 | AV79: =IF(AG79="",0,IF(ISTEXT(AG79),H79*VALUE(SUBSTITUTE(AG79,"%",""))/100,H79*AG79)) -> 10.8
A80: R-1-4-9509A | C80: 30 | D80: ROLO DE IMPACTO Ø102/63 x 235 - 6204 | E80: 3777 | F80: 1 | G80: 4.1 | H80: =Tabela1[[#This Row],[PESO UNI]]*Tabela1[[#This Row],[QTE]] -> 123 | I80: 0 | J80: P204 | K80: ROLOS | L80: P-204 | N80: MDE | Q80: =Tabela1[[#This Row],[QTDE/ Fabricação]]-Tabela1[[#This Row],[QTE]] -> -30 | R80: =IFERROR(H80*((AA80*0.25)+(AC80*0.25)+(AD80*0.225)+(AE80*0.225)+(AF80*0.05)),"") -> 123 | S80: =IFERROR(H80*AG80,"") -> 123 | T80: =IFERROR(S80-H80,"") -> 0 | U80: =IFERROR(SUMIF('LISTA DE EMBARQUE'!B:B,MICRO!E:E,'LISTA DE EMBARQUE'!G:G),"") -> 30 | V80: =IFERROR(VLOOKUP(Tabela1[[#This Row],[COD.MDE]],'LISTA DE EMBARQUE'!B:L,11,0),"") -> 1 | W80: =IFERROR(COUNTIF(#REF!,Tabela1[[#This Row],[Colunas5]]),"") | X80: =Tabela1[[#This Row],[QIANTIDADE EXPEDIDA]]*Tabela1[[#This Row],[PESO UNI]] -> 123 | Y80: =U80-C80 -> 0 | Z80: =Tabela1[[#This Row],[PESO TOTAL]]-Tabela1[[#This Row],[Peso Expedido]] -> 0 | AA80: 1 | AC80: 1 | AD80: 1 | AE80: 1 | AF80: 1 | AG80: 1 | AH80: 1 | AI80: =IF(Z80<=0,"ok","") -> ok | AK80: =Tabela1[[#This Row],[Coluna1]]&Tabela1[[#This Row],[PEDIDO]] -> P-204 | AO80: =A80&"/"&J80 -> R-1-4-9509A/P204 | AP80: =Tabela1[[#This Row],[TAG]]&Tabela1[[#This Row],[PEDIDO]]&Tabela1[[#This Row],[PRODUTO]] -> P204P-204ROLOS | AQ80: =Tabela1[[#This Row],[PRODUTO]]&Tabela1[[#This Row],[TAG]] -> ROLOSP204 | AR80: =Tabela1[[#This Row],[PEDIDO]]&Tabela1[[#This Row],[PRODUTO]] -> P-204ROLOS | AS80: =IF(AF80="",0,IF(ISTEXT(AF80),H80*VALUE(SUBSTITUTE(AF80,"%",""))/100,H80*AF80))-Tabela1[[#This Row],[PRONTO ACABADO2]] -> 0 | AT80: =IF(AG80="",0,IF(ISTEXT(AG80),H80*VALUE(SUBSTITUTE(AG80,"%",""))/100,H80*AG80))-Tabela1[[#This Row],[PESO EXPEDIDO2]] -> 0 | AU80: =IF(AH80="",0,IF(ISTEXT(AH80),H80*VALUE(SUBSTITUTE(AH80,"%",""))/100,H80*AH80)) -> 123 | AV80: =IF(AG80="",0,IF(ISTEXT(AG80),H80*VALUE(SUBSTITUTE(AG80,"%",""))/100,H80*AG80)) -> 123
A81: T-073198-1 | B81: MI-D-148-ME-DF-0027 | C81: 18 | D81: CAVALETE ESTRUTURAIS BASE 73198-A | E81: 3778 | F81: 20 | G81: 2.5 | H81: =Tabela1[[#This Row],[PESO UNI]]*Tabela1[[#This Row],[QTE]] -> 45 | I81: 1-09/07/2026 | J81: 05-CV-0001 | K81: ESTRUTURA | L81: P-198 | M81: 46183 | N81: MDE | Q81: =Tabela1[[#This Row],[QTDE/ Fabricação]]-Tabela1[[#This Row],[QTE]] -> -18 | R81: =IFERROR(H81*((AA81*0.25)+(AC81*0.25)+(AD81*0.225)+(AE81*0.225)+(AF81*0.05)),"") -> 45 | S81: =IFERROR(H81*AG81,"") -> 45 | T81: =IFERROR(S81-H81,"") -> 0 | U81: =IFERROR(SUMIF('LISTA DE EMBARQUE'!B:B,MICRO!E:E,'LISTA DE EMBARQUE'!G:G),"") -> 18 | V81: =IFERROR(VLOOKUP(Tabela1[[#This Row],[COD.MDE]],'LISTA DE EMBARQUE'!B:L,11,0),"") -> 5 | W81: =IFERROR(COUNTIF(#REF!,Tabela1[[#This Row],[Colunas5]]),"") | X81: =Tabela1[[#This Row],[QIANTIDADE EXPEDIDA]]*Tabela1[[#This Row],[PESO UNI]] -> 45 | Y81: =U81-C81 -> 0 | Z81: =Tabela1[[#This Row],[PESO TOTAL]]-Tabela1[[#This Row],[Peso Expedido]] -> 0 | AA81: 1 | AC81: 1 | AD81: 1 | AE81: 1 | AF81: 1 | AG81: 1 | AH81: 1 | AI81: =IF(Z81<=0,"ok","") -> ok | AK81: =Tabela1[[#This Row],[Coluna1]]&Tabela1[[#This Row],[PEDIDO]] -> P-198 | AO81: =A81&"/"&J81 -> T-073198-1/05-CV-0001 | AP81: =Tabela1[[#This Row],[TAG]]&Tabela1[[#This Row],[PEDIDO]]&Tabela1[[#This Row],[PRODUTO]] -> 05-CV-0001P-198ESTRUTURA | AQ81: =Tabela1[[#This Row],[PRODUTO]]&Tabela1[[#This Row],[TAG]] -> ESTRUTURA05-CV-0001 | AR81: =Tabela1[[#This Row],[PEDIDO]]&Tabela1[[#This Row],[PRODUTO]] -> P-198ESTRUTURA | AS81: =IF(AF81="",0,IF(ISTEXT(AF81),H81*VALUE(SUBSTITUTE(AF81,"%",""))/100,H81*AF81))-Tabela1[[#This Row],[PRONTO ACABADO2]] -> 0 | AT81: =IF(AG81="",0,IF(ISTEXT(AG81),H81*VALUE(SUBSTITUTE(AG81,"%",""))/100,H81*AG81))-Tabela1[[#This Row],[PESO EXPEDIDO2]] -> 0 | AU81: =IF(AH81="",0,IF(ISTEXT(AH81),H81*VALUE(SUBSTITUTE(AH81,"%",""))/100,H81*AH81)) -> 45 | AV81: =IF(AG81="",0,IF(ISTEXT(AG81),H81*VALUE(SUBSTITUTE(AG81,"%",""))/100,H81*AG81)) -> 45
A82: T-073198-1 | B82: MI-D-148-ME-DF-0027 | C82: 1 | D82: CAVALETE ESTRUTURAIS MÓDULO 1 / 73198-B | E82: 3779 | F82: 20 | G82: 396.3 | H82: =Tabela1[[#This Row],[PESO UNI]]*Tabela1[[#This Row],[QTE]] -> 396.3 | I82: 1-09/07/2026 | J82: 05-CV-0001 | K82: ESTRUTURA | L82: P-198 | M82: 46183 | N82: MDE | Q82: =Tabela1[[#This Row],[QTDE/ Fabricação]]-Tabela1[[#This Row],[QTE]] -> -1 | R82: =IFERROR(H82*((AA82*0.25)+(AC82*0.25)+(AD82*0.225)+(AE82*0.225)+(AF82*0.05)),"") -> 396.3 | S82: =IFERROR(H82*AG82,"") -> 396.3 | T82: =IFERROR(S82-H82,"") -> 0 | U82: =IFERROR(SUMIF('LISTA DE EMBARQUE'!B:B,MICRO!E:E,'LISTA DE EMBARQUE'!G:G),"") -> 1 | V82: =IFERROR(VLOOKUP(Tabela1[[#This Row],[COD.MDE]],'LISTA DE EMBARQUE'!B:L,11,0),"") -> 3 | W82: =IFERROR(COUNTIF(#REF!,Tabela1[[#This Row],[Colunas5]]),"") | X82: =Tabela1[[#This Row],[QIANTIDADE EXPEDIDA]]*Tabela1[[#This Row],[PESO UNI]] -> 396.3 | Y82: =U82-C82 -> 0 | Z82: =Tabela1[[#This Row],[PESO TOTAL]]-Tabela1[[#This Row],[Peso Expedido]] -> 0 | AA82: 1 | AC82: 1 | AD82: 1 | AE82: 1 | AF82: 1 | AG82: 1 | AH82: 1 | AI82: =IF(Z82<=0,"ok","") -> ok | AK82: =Tabela1[[#This Row],[Coluna1]]&Tabela1[[#This Row],[PEDIDO]] -> P-198 | AO82: =A82&"/"&J82 -> T-073198-1/05-CV-0001 | AP82: =Tabela1[[#This Row],[TAG]]&Tabela1[[#This Row],[PEDIDO]]&Tabela1[[#This Row],[PRODUTO]] -> 05-CV-0001P-198ESTRUTURA | AQ82: =Tabela1[[#This Row],[PRODUTO]]&Tabela1[[#This Row],[TAG]] -> ESTRUTURA05-CV-0001 | AR82: =Tabela1[[#This Row],[PEDIDO]]&Tabela1[[#This Row],[PRODUTO]] -> P-198ESTRUTURA | AS82: =IF(AF82="",0,IF(ISTEXT(AF82),H82*VALUE(SUBSTITUTE(AF82,"%",""))/100,H82*AF82))-Tabela1[[#This Row],[PRONTO ACABADO2]] -> 0 | AT82: =IF(AG82="",0,IF(ISTEXT(AG82),H82*VALUE(SUBSTITUTE(AG82,"%",""))/100,H82*AG82))-Tabela1[[#This Row],[PESO EXPEDIDO2]] -> 0 | AU82: =IF(AH82="",0,IF(ISTEXT(AH82),H82*VALUE(SUBSTITUTE(AH82,"%",""))/100,H82*AH82)) -> 396.3 | AV82: =IF(AG82="",0,IF(ISTEXT(AG82),H82*VALUE(SUBSTITUTE(AG82,"%",""))/100,H82*AG82)) -> 396.3
A83: T-073198-1 | B83: MI-D-148-ME-DF-0027 | C83: 1 | D83: CAVALETE ESTRUTURAIS MÓDULO 2 / 73198-C | E83: 3780 | F83: 20 | G83: 290.6 | H83: =Tabela1[[#This Row],[PESO UNI]]*Tabela1[[#This Row],[QTE]] -> 290.6 | I83: 1-09/07/2026 | J83: 05-CV-0001 | K83: ESTRUTURA | L83: P-198 | M83: 46183 | N83: MDE | Q83: =Tabela1[[#This Row],[QTDE/ Fabricação]]-Tabela1[[#This Row],[QTE]] -> -1 | R83: =IFERROR(H83*((AA83*0.25)+(AC83*0.25)+(AD83*0.225)+(AE83*0.225)+(AF83*0.05)),"") -> 290.6 | S83: =IFERROR(H83*AG83,"") -> 290.6 | T83: =IFERROR(S83-H83,"") -> 0 | U83: =IFERROR(SUMIF('LISTA DE EMBARQUE'!B:B,MICRO!E:E,'LISTA DE EMBARQUE'!G:G),"") -> 1 | V83: =IFERROR(VLOOKUP(Tabela1[[#This Row],[COD.MDE]],'LISTA DE EMBARQUE'!B:L,11,0),"") -> 3 | W83: =IFERROR(COUNTIF(#REF!,Tabela1[[#This Row],[Colunas5]]),"") | X83: =Tabela1[[#This Row],[QIANTIDADE EXPEDIDA]]*Tabela1[[#This Row],[PESO UNI]] -> 290.6 | Y83: =U83-C83 -> 0 | Z83: =Tabela1[[#This Row],[PESO TOTAL]]-Tabela1[[#This Row],[Peso Expedido]] -> 0 | AA83: 1 | AC83: 1 | AD83: 1 | AE83: 1 | AF83: 1 | AG83: 1 | AH83: 1 | AI83: =IF(Z83<=0,"ok","") -> ok | AK83: =Tabela1[[#This Row],[Coluna1]]&Tabela1[[#This Row],[PEDIDO]] -> P-198 | AO83: =A83&"/"&J83 -> T-073198-1/05-CV-0001 | AP83: =Tabela1[[#This Row],[TAG]]&Tabela1[[#This Row],[PEDIDO]]&Tabela1[[#This Row],[PRODUTO]] -> 05-CV-0001P-198ESTRUTURA | AQ83: =Tabela1[[#This Row],[PRODUTO]]&Tabela1[[#This Row],[TAG]] -> ESTRUTURA05-CV-0001 | AR83: =Tabela1[[#This Row],[PEDIDO]]&Tabela1[[#This Row],[PRODUTO]] -> P-198ESTRUTURA | AS83: =IF(AF83="",0,IF(ISTEXT(AF83),H83*VALUE(SUBSTITUTE(AF83,"%",""))/100,H83*AF83))-Tabela1[[#This Row],[PRONTO ACABADO2]] -> 0 | AT83: =IF(AG83="",0,IF(ISTEXT(AG83),H83*VALUE(SUBSTITUTE(AG83,"%",""))/100,H83*AG83))-Tabela1[[#This Row],[PESO EXPEDIDO2]] -> 0 | AU83: =IF(AH83="",0,IF(ISTEXT(AH83),H83*VALUE(SUBSTITUTE(AH83,"%",""))/100,H83*AH83)) -> 290.6 | AV83: =IF(AG83="",0,IF(ISTEXT(AG83),H83*VALUE(SUBSTITUTE(AG83,"%",""))/100,H83*AG83)) -> 290.6
A84: T-073198-1 | B84: MI-D-148-ME-DF-0027 | C84: 1 | D84: CAVALETE ESTRUTURAIS MÓDULO 3 / 73198-D | E84: 3781 | F84: 20 | G84: 290.6 | H84: =Tabela1[[#This Row],[PESO UNI]]*Tabela1[[#This Row],[QTE]] -> 290.6 | I84: 1-09/07/2026 | J84: 05-CV-0001 | K84: ESTRUTURA | L84: P-198 | M84: 46183 | N84: MDE | Q84: =Tabela1[[#This Row],[QTDE/ Fabricação]]-Tabela1[[#This Row],[QTE]] -> -1 | R84: =IFERROR(H84*((AA84*0.25)+(AC84*0.25)+(AD84*0.225)+(AE84*0.225)+(AF84*0.05)),"") -> 290.6 | S84: =IFERROR(H84*AG84,"") -> 290.6 | T84: =IFERROR(S84-H84,"") -> 0 | U84: =IFERROR(SUMIF('LISTA DE EMBARQUE'!B:B,MICRO!E:E,'LISTA DE EMBARQUE'!G:G),"") -> 1 | V84: =IFERROR(VLOOKUP(Tabela1[[#This Row],[COD.MDE]],'LISTA DE EMBARQUE'!B:L,11,0),"") -> 3 | W84: =IFERROR(COUNTIF(#REF!,Tabela1[[#This Row],[Colunas5]]),"") | X84: =Tabela1[[#This Row],[QIANTIDADE EXPEDIDA]]*Tabela1[[#This Row],[PESO UNI]] -> 290.6 | Y84: =U84-C84 -> 0 | Z84: =Tabela1[[#This Row],[PESO TOTAL]]-Tabela1[[#This Row],[Peso Expedido]] -> 0 | AA84: 1 | AC84: 1 | AD84: 1 | AE84: 1 | AF84: 1 | AG84: 1 | AH84: 1 | AI84: =IF(Z84<=0,"ok","") -> ok | AK84: =Tabela1[[#This Row],[Coluna1]]&Tabela1[[#This Row],[PEDIDO]] -> P-198 | AO84: =A84&"/"&J84 -> T-073198-1/05-CV-0001 | AP84: =Tabela1[[#This Row],[TAG]]&Tabela1[[#This Row],[PEDIDO]]&Tabela1[[#This Row],[PRODUTO]] -> 05-CV-0001P-198ESTRUTURA | AQ84: =Tabela1[[#This Row],[PRODUTO]]&Tabela1[[#This Row],[TAG]] -> ESTRUTURA05-CV-0001 | AR84: =Tabela1[[#This Row],[PEDIDO]]&Tabela1[[#This Row],[PRODUTO]] -> P-198ESTRUTURA | AS84: =IF(AF84="",0,IF(ISTEXT(AF84),H84*VALUE(SUBSTITUTE(AF84,"%",""))/100,H84*AF84))-Tabela1[[#This Row],[PRONTO ACABADO2]] -> 0 | AT84: =IF(AG84="",0,IF(ISTEXT(AG84),H84*VALUE(SUBSTITUTE(AG84,"%",""))/100,H84*AG84))-Tabela1[[#This Row],[PESO EXPEDIDO2]] -> 0 | AU84: =IF(AH84="",0,IF(ISTEXT(AH84),H84*VALUE(SUBSTITUTE(AH84,"%",""))/100,H84*AH84)) -> 290.6 | AV84: =IF(AG84="",0,IF(ISTEXT(AG84),H84*VALUE(SUBSTITUTE(AG84,"%",""))/100,H84*AG84)) -> 290.6
A85: T-073198-1 | B85: MI-D-148-ME-DF-0027 | C85: 1 | D85: CAVALETE ESTRUTURAIS MÓDULO 4 / 73198-E | E85: 3782 | F85: 20 | G85: 295 | H85: =Tabela1[[#This Row],[PESO UNI]]*Tabela1[[#This Row],[QTE]] -> 295 | I85: 1-09/07/2026 | J85: 05-CV-0001 | K85: ESTRUTURA | L85: P-198 | M85: 46183 | N85: MDE | Q85: =Tabela1[[#This Row],[QTDE/ Fabricação]]-Tabela1[[#This Row],[QTE]] -> -1 | R85: =IFERROR(H85*((AA85*0.25)+(AC85*0.25)+(AD85*0.225)+(AE85*0.225)+(AF85*0.05)),"") -> 295 | S85: =IFERROR(H85*AG85,"") -> 295 | T85: =IFERROR(S85-H85,"") -> 0 | U85: =IFERROR(SUMIF('LISTA DE EMBARQUE'!B:B,MICRO!E:E,'LISTA DE EMBARQUE'!G:G),"") -> 1 | V85: =IFERROR(VLOOKUP(Tabela1[[#This Row],[COD.MDE]],'LISTA DE EMBARQUE'!B:L,11,0),"") -> 3 | W85: =IFERROR(COUNTIF(#REF!,Tabela1[[#This Row],[Colunas5]]),"") | X85: =Tabela1[[#This Row],[QIANTIDADE EXPEDIDA]]*Tabela1[[#This Row],[PESO UNI]] -> 295 | Y85: =U85-C85 -> 0 | Z85: =Tabela1[[#This Row],[PESO TOTAL]]-Tabela1[[#This Row],[Peso Expedido]] -> 0 | AA85: 1 | AC85: 1 | AD85: 1 | AE85: 1 | AF85: 1 | AG85: 1 | AH85: 1 | AI85: =IF(Z85<=0,"ok","") -> ok | AK85: =Tabela1[[#This Row],[Coluna1]]&Tabela1[[#This Row],[PEDIDO]] -> P-198 | AO85: =A85&"/"&J85 -> T-073198-1/05-CV-0001 | AP85: =Tabela1[[#This Row],[TAG]]&Tabela1[[#This Row],[PEDIDO]]&Tabela1[[#This Row],[PRODUTO]] -> 05-CV-0001P-198ESTRUTURA | AQ85: =Tabela1[[#This Row],[PRODUTO]]&Tabela1[[#This Row],[TAG]] -> ESTRUTURA05-CV-0001 | AR85: =Tabela1[[#This Row],[PEDIDO]]&Tabela1[[#This Row],[PRODUTO]] -> P-198ESTRUTURA | AS85: =IF(AF85="",0,IF(ISTEXT(AF85),H85*VALUE(SUBSTITUTE(AF85,"%",""))/100,H85*AF85))-Tabela1[[#This Row],[PRONTO ACABADO2]] -> 0 | AT85: =IF(AG85="",0,IF(ISTEXT(AG85),H85*VALUE(SUBSTITUTE(AG85,"%",""))/100,H85*AG85))-Tabela1[[#This Row],[PESO EXPEDIDO2]] -> 0 | AU85: =IF(AH85="",0,IF(ISTEXT(AH85),H85*VALUE(SUBSTITUTE(AH85,"%",""))/100,H85*AH85)) -> 295 | AV85: =IF(AG85="",0,IF(ISTEXT(AG85),H85*VALUE(SUBSTITUTE(AG85,"%",""))/100,H85*AG85)) -> 295
A86: T-073198-1 | B86: MI-D-148-ME-DF-0027 | C86: 6 | D86: CAVALETES ESTRUTURAIS CHAPA LIGAÇÃO 73198-F | E86: 3783 | F86: 20 | G86: 24 | H86: =Tabela1[[#This Row],[PESO UNI]]*Tabela1[[#This Row],[QTE]] -> 144 | I86: 1-09/07/2026 | J86: 05-CV-0001 | K86: ESTRUTURA | L86: P-198 | M86: 46183 | N86: MDE | Q86: =Tabela1[[#This Row],[QTDE/ Fabricação]]-Tabela1[[#This Row],[QTE]] -> -6 | R86: =IFERROR(H86*((AA86*0.25)+(AC86*0.25)+(AD86*0.225)+(AE86*0.225)+(AF86*0.05)),"") -> 144 | S86: =IFERROR(H86*AG86,"") -> 144 | T86: =IFERROR(S86-H86,"") -> 0 | U86: =IFERROR(SUMIF('LISTA DE EMBARQUE'!B:B,MICRO!E:E,'LISTA DE EMBARQUE'!G:G),"") -> 6 | V86: =IFERROR(VLOOKUP(Tabela1[[#This Row],[COD.MDE]],'LISTA DE EMBARQUE'!B:L,11,0),"") -> 5 | W86: =IFERROR(COUNTIF(#REF!,Tabela1[[#This Row],[Colunas5]]),"") | X86: =Tabela1[[#This Row],[QIANTIDADE EXPEDIDA]]*Tabela1[[#This Row],[PESO UNI]] -> 144 | Y86: =U86-C86 -> 0 | Z86: =Tabela1[[#This Row],[PESO TOTAL]]-Tabela1[[#This Row],[Peso Expedido]] -> 0 | AA86: 1 | AC86: 1 | AD86: 1 | AE86: 1 | AF86: 1 | AG86: 1 | AH86: 1 | AI86: =IF(Z86<=0,"ok","") -> ok | AK86: =Tabela1[[#This Row],[Coluna1]]&Tabela1[[#This Row],[PEDIDO]] -> P-198 | AO86: =A86&"/"&J86 -> T-073198-1/05-CV-0001 | AP86: =Tabela1[[#This Row],[TAG]]&Tabela1[[#This Row],[PEDIDO]]&Tabela1[[#This Row],[PRODUTO]] -> 05-CV-0001P-198ESTRUTURA | AQ86: =Tabela1[[#This Row],[PRODUTO]]&Tabela1[[#This Row],[TAG]] -> ESTRUTURA05-CV-0001 | AR86: =Tabela1[[#This Row],[PEDIDO]]&Tabela1[[#This Row],[PRODUTO]] -> P-198ESTRUTURA | AS86: =IF(AF86="",0,IF(ISTEXT(AF86),H86*VALUE(SUBSTITUTE(AF86,"%",""))/100,H86*AF86))-Tabela1[[#This Row],[PRONTO ACABADO2]] -> 0 | AT86: =IF(AG86="",0,IF(ISTEXT(AG86),H86*VALUE(SUBSTITUTE(AG86,"%",""))/100,H86*AG86))-Tabela1[[#This Row],[PESO EXPEDIDO2]] -> 0 | AU86: =IF(AH86="",0,IF(ISTEXT(AH86),H86*VALUE(SUBSTITUTE(AH86,"%",""))/100,H86*AH86)) -> 144 | AV86: =IF(AG86="",0,IF(ISTEXT(AG86),H86*VALUE(SUBSTITUTE(AG86,"%",""))/100,H86*AG86)) -> 144
A87: T-073199-1 | B87: MI-D-148-ME-DF-0028 | C87: 4 | D87: BASE DO CHASSI DE ACIONAMENTO 73199-A | E87: 3784 | F87: 21 | G87: 7.4 | H87: =Tabela1[[#This Row],[PESO UNI]]*Tabela1[[#This Row],[QTE]] -> 29.6 | I87: 2-09/07/2026 | J87: 05-CV-0001 | K87: ESTRUTURA | L87: P-198 | M87: 46185 | N87: MDE | Q87: =Tabela1[[#This Row],[QTDE/ Fabricação]]-Tabela1[[#This Row],[QTE]] -> -4 | R87: =IFERROR(H87*((AA87*0.25)+(AC87*0.25)+(AD87*0.225)+(AE87*0.225)+(AF87*0.05)),"") -> 29.6 | S87: =IFERROR(H87*AG87,"") -> 29.6 | T87: =IFERROR(S87-H87,"") -> 0 | U87: =IFERROR(SUMIF('LISTA DE EMBARQUE'!B:B,MICRO!E:E,'LISTA DE EMBARQUE'!G:G),"") -> 4 | V87: =IFERROR(VLOOKUP(Tabela1[[#This Row],[COD.MDE]],'LISTA DE EMBARQUE'!B:L,11,0),"") -> 3 | W87: =IFERROR(COUNTIF(#REF!,Tabela1[[#This Row],[Colunas5]]),"") | X87: =Tabela1[[#This Row],[QIANTIDADE EXPEDIDA]]*Tabela1[[#This Row],[PESO UNI]] -> 29.6 | Y87: =U87-C87 -> 0 | Z87: =Tabela1[[#This Row],[PESO TOTAL]]-Tabela1[[#This Row],[Peso Expedido]] -> 0 | AA87: 1 | AC87: 1 | AD87: 1 | AE87: 1 | AF87: 1 | AG87: 1 | AH87: 1 | AI87: =IF(Z87<=0,"ok","") -> ok | AK87: =Tabela1[[#This Row],[Coluna1]]&Tabela1[[#This Row],[PEDIDO]] -> P-198 | AO87: =A87&"/"&J87 -> T-073199-1/05-CV-0001 | AP87: =Tabela1[[#This Row],[TAG]]&Tabela1[[#This Row],[PEDIDO]]&Tabela1[[#This Row],[PRODUTO]] -> 05-CV-0001P-198ESTRUTURA | AQ87: =Tabela1[[#This Row],[PRODUTO]]&Tabela1[[#This Row],[TAG]] -> ESTRUTURA05-CV-0001 | AR87: =Tabela1[[#This Row],[PEDIDO]]&Tabela1[[#This Row],[PRODUTO]] -> P-198ESTRUTURA | AS87: =IF(AF87="",0,IF(ISTEXT(AF87),H87*VALUE(SUBSTITUTE(AF87,"%",""))/100,H87*AF87))-Tabela1[[#This Row],[PRONTO ACABADO2]] -> 0 | AT87: =IF(AG87="",0,IF(ISTEXT(AG87),H87*VALUE(SUBSTITUTE(AG87,"%",""))/100,H87*AG87))-Tabela1[[#This Row],[PESO EXPEDIDO2]] -> 0 | AU87: =IF(AH87="",0,IF(ISTEXT(AH87),H87*VALUE(SUBSTITUTE(AH87,"%",""))/100,H87*AH87)) -> 29.6 | AV87: =IF(AG87="",0,IF(ISTEXT(AG87),H87*VALUE(SUBSTITUTE(AG87,"%",""))/100,H87*AG87)) -> 29.6
A88: T-073199-1 | B88: MI-D-148-ME-DF-0028 | C88: 1 | D88: CHASSI DO ACIONAMENTO 73199-B | E88: 3785 | F88: 21 | G88: 252 | H88: =Tabela1[[#This Row],[PESO UNI]]*Tabela1[[#This Row],[QTE]] -> 252 | I88: 2-09/07/2026 | J88: 05-CV-0001 | K88: ESTRUTURA | L88: P-198 | M88: 46185 | N88: MDE | Q88: =Tabela1[[#This Row],[QTDE/ Fabricação]]-Tabela1[[#This Row],[QTE]] -> -1 | R88: =IFERROR(H88*((AA88*0.25)+(AC88*0.25)+(AD88*0.225)+(AE88*0.225)+(AF88*0.05)),"") -> 252 | S88: =IFERROR(H88*AG88,"") -> 252 | T88: =IFERROR(S88-H88,"") -> 0 | U88: =IFERROR(SUMIF('LISTA DE EMBARQUE'!B:B,MICRO!E:E,'LISTA DE EMBARQUE'!G:G),"") -> 1 | V88: =IFERROR(VLOOKUP(Tabela1[[#This Row],[COD.MDE]],'LISTA DE EMBARQUE'!B:L,11,0),"") -> 3 | W88: =IFERROR(COUNTIF(#REF!,Tabela1[[#This Row],[Colunas5]]),"") | X88: =Tabela1[[#This Row],[QIANTIDADE EXPEDIDA]]*Tabela1[[#This Row],[PESO UNI]] -> 252 | Y88: =U88-C88 -> 0 | Z88: =Tabela1[[#This Row],[PESO TOTAL]]-Tabela1[[#This Row],[Peso Expedido]] -> 0 | AA88: 1 | AC88: 1 | AD88: 1 | AE88: 1 | AF88: 1 | AG88: 1 | AH88: 1 | AI88: =IF(Z88<=0,"ok","") -> ok | AK88: =Tabela1[[#This Row],[Coluna1]]&Tabela1[[#This Row],[PEDIDO]] -> P-198 | AO88: =A88&"/"&J88 -> T-073199-1/05-CV-0001 | AP88: =Tabela1[[#This Row],[TAG]]&Tabela1[[#This Row],[PEDIDO]]&Tabela1[[#This Row],[PRODUTO]] -> 05-CV-0001P-198ESTRUTURA | AQ88: =Tabela1[[#This Row],[PRODUTO]]&Tabela1[[#This Row],[TAG]] -> ESTRUTURA05-CV-0001 | AR88: =Tabela1[[#This Row],[PEDIDO]]&Tabela1[[#This Row],[PRODUTO]] -> P-198ESTRUTURA | AS88: =IF(AF88="",0,IF(ISTEXT(AF88),H88*VALUE(SUBSTITUTE(AF88,"%",""))/100,H88*AF88))-Tabela1[[#This Row],[PRONTO ACABADO2]] -> 0 | AT88: =IF(AG88="",0,IF(ISTEXT(AG88),H88*VALUE(SUBSTITUTE(AG88,"%",""))/100,H88*AG88))-Tabela1[[#This Row],[PESO EXPEDIDO2]] -> 0 | AU88: =IF(AH88="",0,IF(ISTEXT(AH88),H88*VALUE(SUBSTITUTE(AH88,"%",""))/100,H88*AH88)) -> 252 | AV88: =IF(AG88="",0,IF(ISTEXT(AG88),H88*VALUE(SUBSTITUTE(AG88,"%",""))/100,H88*AG88)) -> 252
A89: T-073205-1 | B89: MI-D-148-ME-DF-0034 | C89: 2 | D89: SUPORTE MANCAL TAMBOR ACIONAMENTO 73205-A | E89: 3786 | F89: 22 | G89: 77.3 | H89: =Tabela1[[#This Row],[PESO UNI]]*Tabela1[[#This Row],[QTE]] -> 154.6 | I89: 1-09/07/2026 | J89: 05-CV-0001 | K89: ESTRUTURA | L89: P-198 | M89: 46185 | N89: MDE | Q89: =Tabela1[[#This Row],[QTDE/ Fabricação]]-Tabela1[[#This Row],[QTE]] -> -2 | R89: =IFERROR(H89*((AA89*0.25)+(AC89*0.25)+(AD89*0.225)+(AE89*0.225)+(AF89*0.05)),"") -> 154.6 | S89: =IFERROR(H89*AG89,"") -> 154.6 | T89: =IFERROR(S89-H89,"") -> 0 | U89: =IFERROR(SUMIF('LISTA DE EMBARQUE'!B:B,MICRO!E:E,'LISTA DE EMBARQUE'!G:G),"") -> 2 | V89: =IFERROR(VLOOKUP(Tabela1[[#This Row],[COD.MDE]],'LISTA DE EMBARQUE'!B:L,11,0),"") -> 5 | W89: =IFERROR(COUNTIF(#REF!,Tabela1[[#This Row],[Colunas5]]),"") | X89: =Tabela1[[#This Row],[QIANTIDADE EXPEDIDA]]*Tabela1[[#This Row],[PESO UNI]] -> 154.6 | Y89: =U89-C89 -> 0 | Z89: =Tabela1[[#This Row],[PESO TOTAL]]-Tabela1[[#This Row],[Peso Expedido]] -> 0 | AA89: 1 | AC89: 1 | AD89: 1 | AE89: 1 | AF89: 1 | AG89: 1 | AH89: 1 | AI89: =IF(Z89<=0,"ok","") -> ok | AK89: =Tabela1[[#This Row],[Coluna1]]&Tabela1[[#This Row],[PEDIDO]] -> P-198 | AO89: =A89&"/"&J89 -> T-073205-1/05-CV-0001 | AP89: =Tabela1[[#This Row],[TAG]]&Tabela1[[#This Row],[PEDIDO]]&Tabela1[[#This Row],[PRODUTO]] -> 05-CV-0001P-198ESTRUTURA | AQ89: =Tabela1[[#This Row],[PRODUTO]]&Tabela1[[#This Row],[TAG]] -> ESTRUTURA05-CV-0001 | AR89: =Tabela1[[#This Row],[PEDIDO]]&Tabela1[[#This Row],[PRODUTO]] -> P-198ESTRUTURA | AS89: =IF(AF89="",0,IF(ISTEXT(AF89),H89*VALUE(SUBSTITUTE(AF89,"%",""))/100,H89*AF89))-Tabela1[[#This Row],[PRONTO ACABADO2]] -> 0 | AT89: =IF(AG89="",0,IF(ISTEXT(AG89),H89*VALUE(SUBSTITUTE(AG89,"%",""))/100,H89*AG89))-Tabela1[[#This Row],[PESO EXPEDIDO2]] -> 0 | AU89: =IF(AH89="",0,IF(ISTEXT(AH89),H89*VALUE(SUBSTITUTE(AH89,"%",""))/100,H89*AH89)) -> 154.6 | AV89: =IF(AG89="",0,IF(ISTEXT(AG89),H89*VALUE(SUBSTITUTE(AG89,"%",""))/100,H89*AG89)) -> 154.6
A90: T-073201-1 | B90: MI-D-148-ME-DF-0030 | C90: 28 | D90: GUIA DE MATERIAL SUPORTE 73201-A | E90: 3787 | F90: 25 | G90: 1.3 | H90: =Tabela1[[#This Row],[PESO UNI]]*Tabela1[[#This Row],[QTE]] -> 36.4 | I90: 2- 09/07/2026 | J90: 05-CV-0001 | K90: ESTRUTURA | L90: P-198 | M90: 46188 | N90: MDE | Q90: =Tabela1[[#This Row],[QTDE/ Fabricação]]-Tabela1[[#This Row],[QTE]] -> -28 | R90: =IFERROR(H90*((AA90*0.25)+(AC90*0.25)+(AD90*0.225)+(AE90*0.225)+(AF90*0.05)),"") -> 36.4 | S90: =IFERROR(H90*AG90,"") -> 36.4 | T90: =IFERROR(S90-H90,"") -> 0 | U90: =IFERROR(SUMIF('LISTA DE EMBARQUE'!B:B,MICRO!E:E,'LISTA DE EMBARQUE'!G:G),"") -> 0 | V90: =IFERROR(VLOOKUP(Tabela1[[#This Row],[COD.MDE]],'LISTA DE EMBARQUE'!B:L,11,0),"") | W90: =IFERROR(COUNTIF(#REF!,Tabela1[[#This Row],[Colunas5]]),"") | X90: =Tabela1[[#This Row],[QIANTIDADE EXPEDIDA]]*Tabela1[[#This Row],[PESO UNI]] -> 0 | Y90: =U90-C90 -> -28 | Z90: =Tabela1[[#This Row],[PESO TOTAL]]-Tabela1[[#This Row],[Peso Expedido]] -> 36.4 | AA90: 1 | AC90: 1 | AD90: 1 | AE90: 1 | AF90: 1 | AG90: 1 | AI90: =IF(Z90<=0,"ok","") | AK90: =Tabela1[[#This Row],[Coluna1]]&Tabela1[[#This Row],[PEDIDO]] -> P-198 | AO90: =A90&"/"&J90 -> T-073201-1/05-CV-0001 | AP90: =Tabela1[[#This Row],[TAG]]&Tabela1[[#This Row],[PEDIDO]]&Tabela1[[#This Row],[PRODUTO]] -> 05-CV-0001P-198ESTRUTURA | AQ90: =Tabela1[[#This Row],[PRODUTO]]&Tabela1[[#This Row],[TAG]] -> ESTRUTURA05-CV-0001 | AR90: =Tabela1[[#This Row],[PEDIDO]]&Tabela1[[#This Row],[PRODUTO]] -> P-198ESTRUTURA | AS90: =IF(AF90="",0,IF(ISTEXT(AF90),H90*VALUE(SUBSTITUTE(AF90,"%",""))/100,H90*AF90))-Tabela1[[#This Row],[PRONTO ACABADO2]] -> 0 | AT90: =IF(AG90="",0,IF(ISTEXT(AG90),H90*VALUE(SUBSTITUTE(AG90,"%",""))/100,H90*AG90))-Tabela1[[#This Row],[PESO EXPEDIDO2]] -> 36.4 | AU90: =IF(AH90="",0,IF(ISTEXT(AH90),H90*VALUE(SUBSTITUTE(AH90,"%",""))/100,H90*AH90)) -> 0 | AV90: =IF(AG90="",0,IF(ISTEXT(AG90),H90*VALUE(SUBSTITUTE(AG90,"%",""))/100,H90*AG90)) -> 36.4
A91: T-073201-1 | B91: MI-D-148-ME-DF-0030 | C91: 28 | D91: GUIA DE MATERIAL SUPORTE DA CHAPA GUIA 73201-B | E91: 3788 | F91: 25 | G91: 10.4 | H91: =Tabela1[[#This Row],[PESO UNI]]*Tabela1[[#This Row],[QTE]] -> 291.2 | I91: 2- 09/07/2026 | J91: 05-CV-0001 | K91: ESTRUTURA | L91: P-198 | M91: 46188 | N91: MDE | Q91: =Tabela1[[#This Row],[QTDE/ Fabricação]]-Tabela1[[#This Row],[QTE]] -> -28 | R91: =IFERROR(H91*((AA91*0.25)+(AC91*0.25)+(AD91*0.225)+(AE91*0.225)+(AF91*0.05)),"") -> 291.2 | S91: =IFERROR(H91*AG91,"") -> 291.2 | T91: =IFERROR(S91-H91,"") -> 0 | U91: =IFERROR(SUMIF('LISTA DE EMBARQUE'!B:B,MICRO!E:E,'LISTA DE EMBARQUE'!G:G),"") -> 28 | V91: =IFERROR(VLOOKUP(Tabela1[[#This Row],[COD.MDE]],'LISTA DE EMBARQUE'!B:L,11,0),"") -> 3 | W91: =IFERROR(COUNTIF(#REF!,Tabela1[[#This Row],[Colunas5]]),"") | X91: =Tabela1[[#This Row],[QIANTIDADE EXPEDIDA]]*Tabela1[[#This Row],[PESO UNI]] -> 291.2 | Y91: =U91-C91 -> 0 | Z91: =Tabela1[[#This Row],[PESO TOTAL]]-Tabela1[[#This Row],[Peso Expedido]] -> 0 | AA91: 1 | AC91: 1 | AD91: 1 | AE91: 1 | AF91: 1 | AG91: 1 | AH91: 1 | AI91: =IF(Z91<=0,"ok","") -> ok | AK91: =Tabela1[[#This Row],[Coluna1]]&Tabela1[[#This Row],[PEDIDO]] -> P-198 | AO91: =A91&"/"&J91 -> T-073201-1/05-CV-0001 | AP91: =Tabela1[[#This Row],[TAG]]&Tabela1[[#This Row],[PEDIDO]]&Tabela1[[#This Row],[PRODUTO]] -> 05-CV-0001P-198ESTRUTURA | AQ91: =Tabela1[[#This Row],[PRODUTO]]&Tabela1[[#This Row],[TAG]] -> ESTRUTURA05-CV-0001 | AR91: =Tabela1[[#This Row],[PEDIDO]]&Tabela1[[#This Row],[PRODUTO]] -> P-198ESTRUTURA | AS91: =IF(AF91="",0,IF(ISTEXT(AF91),H91*VALUE(SUBSTITUTE(AF91,"%",""))/100,H91*AF91))-Tabela1[[#This Row],[PRONTO ACABADO2]] -> 0 | AT91: =IF(AG91="",0,IF(ISTEXT(AG91),H91*VALUE(SUBSTITUTE(AG91,"%",""))/100,H91*AG91))-Tabela1[[#This Row],[PESO EXPEDIDO2]] -> 0 | AU91: =IF(AH91="",0,IF(ISTEXT(AH91),H91*VALUE(SUBSTITUTE(AH91,"%",""))/100,H91*AH91)) -> 291.2 | AV91: =IF(AG91="",0,IF(ISTEXT(AG91),H91*VALUE(SUBSTITUTE(AG91,"%",""))/100,H91*AG91)) -> 291.2
A92: T-073201-1 | B92: MI-D-148-ME-DF-0030 | C92: 12 | D92: GUIA DE MATERIAL CHAPA GUIA 73201-C | E92: 3789 | F92: 25 | G92: 57.6 | H92: =Tabela1[[#This Row],[PESO UNI]]*Tabela1[[#This Row],[QTE]] -> 691.2 | I92: 2- 09/07/2026 | J92: 05-CV-0001 | K92: ESTRUTURA | L92: P-198 | M92: 46188 | N92: MDE | Q92: =Tabela1[[#This Row],[QTDE/ Fabricação]]-Tabela1[[#This Row],[QTE]] -> -12 | R92: =IFERROR(H92*((AA92*0.25)+(AC92*0.25)+(AD92*0.225)+(AE92*0.225)+(AF92*0.05)),"") -> 691.2 | S92: =IFERROR(H92*AG92,"") -> 691.2 | T92: =IFERROR(S92-H92,"") -> 0 | U92: =IFERROR(SUMIF('LISTA DE EMBARQUE'!B:B,MICRO!E:E,'LISTA DE EMBARQUE'!G:G),"") -> 12 | V92: =IFERROR(VLOOKUP(Tabela1[[#This Row],[COD.MDE]],'LISTA DE EMBARQUE'!B:L,11,0),"") -> 5 | W92: =IFERROR(COUNTIF(#REF!,Tabela1[[#This Row],[Colunas5]]),"") | X92: =Tabela1[[#This Row],[QIANTIDADE EXPEDIDA]]*Tabela1[[#This Row],[PESO UNI]] -> 691.2 | Y92: =U92-C92 -> 0 | Z92: =Tabela1[[#This Row],[PESO TOTAL]]-Tabela1[[#This Row],[Peso Expedido]] -> 0 | AA92: 1 | AC92: 1 | AD92: 1 | AE92: 1 | AF92: 1 | AG92: 1 | AH92: 1 | AI92: =IF(Z92<=0,"ok","") -> ok | AK92: =Tabela1[[#This Row],[Coluna1]]&Tabela1[[#This Row],[PEDIDO]] -> P-198 | AO92: =A92&"/"&J92 -> T-073201-1/05-CV-0001 | AP92: =Tabela1[[#This Row],[TAG]]&Tabela1[[#This Row],[PEDIDO]]&Tabela1[[#This Row],[PRODUTO]] -> 05-CV-0001P-198ESTRUTURA | AQ92: =Tabela1[[#This Row],[PRODUTO]]&Tabela1[[#This Row],[TAG]] -> ESTRUTURA05-CV-0001 | AR92: =Tabela1[[#This Row],[PEDIDO]]&Tabela1[[#This Row],[PRODUTO]] -> P-198ESTRUTURA | AS92: =IF(AF92="",0,IF(ISTEXT(AF92),H92*VALUE(SUBSTITUTE(AF92,"%",""))/100,H92*AF92))-Tabela1[[#This Row],[PRONTO ACABADO2]] -> 0 | AT92: =IF(AG92="",0,IF(ISTEXT(AG92),H92*VALUE(SUBSTITUTE(AG92,"%",""))/100,H92*AG92))-Tabela1[[#This Row],[PESO EXPEDIDO2]] -> 0 | AU92: =IF(AH92="",0,IF(ISTEXT(AH92),H92*VALUE(SUBSTITUTE(AH92,"%",""))/100,H92*AH92)) -> 691.2 | AV92: =IF(AG92="",0,IF(ISTEXT(AG92),H92*VALUE(SUBSTITUTE(AG92,"%",""))/100,H92*AG92)) -> 691.2
A93: T-073201-1 | B93: MI-D-148-ME-DF-0030 | C93: 2 | D93: GUIA DE MATERIAL CHAPA GUIA 73201-D | E93: 3790 | F93: 25 | G93: 57.6 | H93: =Tabela1[[#This Row],[PESO UNI]]*Tabela1[[#This Row],[QTE]] -> 115.2 | I93: 2- 09/07/2026 | J93: 05-CV-0001 | K93: ESTRUTURA | L93: P-198 | M93: 46188 | N93: MDE | Q93: =Tabela1[[#This Row],[QTDE/ Fabricação]]-Tabela1[[#This Row],[QTE]] -> -2 | R93: =IFERROR(H93*((AA93*0.25)+(AC93*0.25)+(AD93*0.225)+(AE93*0.225)+(AF93*0.05)),"") -> 115.2 | S93: =IFERROR(H93*AG93,"") -> 115.2 | T93: =IFERROR(S93-H93,"") -> 0 | U93: =IFERROR(SUMIF('LISTA DE EMBARQUE'!B:B,MICRO!E:E,'LISTA DE EMBARQUE'!G:G),"") -> 2 | V93: =IFERROR(VLOOKUP(Tabela1[[#This Row],[COD.MDE]],'LISTA DE EMBARQUE'!B:L,11,0),"") -> 5 | W93: =IFERROR(COUNTIF(#REF!,Tabela1[[#This Row],[Colunas5]]),"") | X93: =Tabela1[[#This Row],[QIANTIDADE EXPEDIDA]]*Tabela1[[#This Row],[PESO UNI]] -> 115.2 | Y93: =U93-C93 -> 0 | Z93: =Tabela1[[#This Row],[PESO TOTAL]]-Tabela1[[#This Row],[Peso Expedido]] -> 0 | AA93: 1 | AC93: 1 | AD93: 1 | AE93: 1 | AF93: 1 | AG93: 1 | AH93: 1 | AI93: =IF(Z93<=0,"ok","") -> ok | AK93: =Tabela1[[#This Row],[Coluna1]]&Tabela1[[#This Row],[PEDIDO]] -> P-198 | AO93: =A93&"/"&J93 -> T-073201-1/05-CV-0001 | AP93: =Tabela1[[#This Row],[TAG]]&Tabela1[[#This Row],[PEDIDO]]&Tabela1[[#This Row],[PRODUTO]] -> 05-CV-0001P-198ESTRUTURA | AQ93: =Tabela1[[#This Row],[PRODUTO]]&Tabela1[[#This Row],[TAG]] -> ESTRUTURA05-CV-0001 | AR93: =Tabela1[[#This Row],[PEDIDO]]&Tabela1[[#This Row],[PRODUTO]] -> P-198ESTRUTURA | AS93: =IF(AF93="",0,IF(ISTEXT(AF93),H93*VALUE(SUBSTITUTE(AF93,"%",""))/100,H93*AF93))-Tabela1[[#This Row],[PRONTO ACABADO2]] -> 0 | AT93: =IF(AG93="",0,IF(ISTEXT(AG93),H93*VALUE(SUBSTITUTE(AG93,"%",""))/100,H93*AG93))-Tabela1[[#This Row],[PESO EXPEDIDO2]] -> 0 | AU93: =IF(AH93="",0,IF(ISTEXT(AH93),H93*VALUE(SUBSTITUTE(AH93,"%",""))/100,H93*AH93)) -> 115.2 | AV93: =IF(AG93="",0,IF(ISTEXT(AG93),H93*VALUE(SUBSTITUTE(AG93,"%",""))/100,H93*AG93)) -> 115.2
A94: T-073201-1 | B94: MI-D-148-ME-DF-0030 | C94: 28 | D94: GUIA DE MATERIAL PRENSA BORRACHA 73201-E | E94: 3791 | F94: 25 | G94: 4.8 | H94: =Tabela1[[#This Row],[PESO UNI]]*Tabela1[[#This Row],[QTE]] -> 134.4 | I94: 2- 09/07/2026 | J94: 05-CV-0001 | K94: ESTRUTURA | L94: P-198 | M94: 46188 | N94: MDE | Q94: =Tabela1[[#This Row],[QTDE/ Fabricação]]-Tabela1[[#This Row],[QTE]] -> -28 | R94: =IFERROR(H94*((AA94*0.25)+(AC94*0.25)+(AD94*0.225)+(AE94*0.225)+(AF94*0.05)),"") -> 134.4 | S94: =IFERROR(H94*AG94,"") -> 134.4 | T94: =IFERROR(S94-H94,"") -> 0 | U94: =IFERROR(SUMIF('LISTA DE EMBARQUE'!B:B,MICRO!E:E,'LISTA DE EMBARQUE'!G:G),"") -> 28 | V94: =IFERROR(VLOOKUP(Tabela1[[#This Row],[COD.MDE]],'LISTA DE EMBARQUE'!B:L,11,0),"") -> 6 | W94: =IFERROR(COUNTIF(#REF!,Tabela1[[#This Row],[Colunas5]]),"") | X94: =Tabela1[[#This Row],[QIANTIDADE EXPEDIDA]]*Tabela1[[#This Row],[PESO UNI]] -> 134.4 | Y94: =U94-C94 -> 0 | Z94: =Tabela1[[#This Row],[PESO TOTAL]]-Tabela1[[#This Row],[Peso Expedido]] -> 0 | AA94: 1 | AC94: 1 | AD94: 1 | AE94: 1 | AF94: 1 | AG94: 1 | AH94: 1 | AI94: =IF(Z94<=0,"ok","") -> ok | AK94: =Tabela1[[#This Row],[Coluna1]]&Tabela1[[#This Row],[PEDIDO]] -> P-198 | AO94: =A94&"/"&J94 -> T-073201-1/05-CV-0001 | AP94: =Tabela1[[#This Row],[TAG]]&Tabela1[[#This Row],[PEDIDO]]&Tabela1[[#This Row],[PRODUTO]] -> 05-CV-0001P-198ESTRUTURA | AQ94: =Tabela1[[#This Row],[PRODUTO]]&Tabela1[[#This Row],[TAG]] -> ESTRUTURA05-CV-0001 | AR94: =Tabela1[[#This Row],[PEDIDO]]&Tabela1[[#This Row],[PRODUTO]] -> P-198ESTRUTURA | AS94: =IF(AF94="",0,IF(ISTEXT(AF94),H94*VALUE(SUBSTITUTE(AF94,"%",""))/100,H94*AF94))-Tabela1[[#This Row],[PRONTO ACABADO2]] -> 0 | AT94: =IF(AG94="",0,IF(ISTEXT(AG94),H94*VALUE(SUBSTITUTE(AG94,"%",""))/100,H94*AG94))-Tabela1[[#This Row],[PESO EXPEDIDO2]] -> 0 | AU94: =IF(AH94="",0,IF(ISTEXT(AH94),H94*VALUE(SUBSTITUTE(AH94,"%",""))/100,H94*AH94)) -> 134.4 | AV94: =IF(AG94="",0,IF(ISTEXT(AG94),H94*VALUE(SUBSTITUTE(AG94,"%",""))/100,H94*AG94)) -> 134.4
A95: T-073201-1 | B95: MI-D-148-ME-DF-0030 | C95: 14 | D95: GUIA DE MATERIAL BORRACHA 73201-F | E95: 3792 | F95: 25 | G95: 6.7 | H95: =Tabela1[[#This Row],[PESO UNI]]*Tabela1[[#This Row],[QTE]] -> 93.8 | I95: 2- 09/07/2026 | J95: 05-CV-0001 | K95: ESTRUTURA | L95: P-198 | M95: 46188 | N95: MDE | Q95: =Tabela1[[#This Row],[QTDE/ Fabricação]]-Tabela1[[#This Row],[QTE]] -> -14 | R95: =IFERROR(H95*((AA95*0.25)+(AC95*0.25)+(AD95*0.225)+(AE95*0.225)+(AF95*0.05)),"") -> 57.4525 | S95: =IFERROR(H95*AG95,"") -> 0 | T95: =IFERROR(S95-H95,"") -> -93.8 | U95: =IFERROR(SUMIF('LISTA DE EMBARQUE'!B:B,MICRO!E:E,'LISTA DE EMBARQUE'!G:G),"") -> 0 | V95: =IFERROR(VLOOKUP(Tabela1[[#This Row],[COD.MDE]],'LISTA DE EMBARQUE'!B:L,11,0),"") | W95: =IFERROR(COUNTIF(#REF!,Tabela1[[#This Row],[Colunas5]]),"") | X95: =Tabela1[[#This Row],[QIANTIDADE EXPEDIDA]]*Tabela1[[#This Row],[PESO UNI]] -> 0 | Y95: =U95-C95 -> -14 | Z95: =Tabela1[[#This Row],[PESO TOTAL]]-Tabela1[[#This Row],[Peso Expedido]] -> 93.8 | AA95: 1 | AC95: 1 | AD95: 0.5 | AI95: =IF(Z95<=0,"ok","") | AK95: =Tabela1[[#This Row],[Coluna1]]&Tabela1[[#This Row],[PEDIDO]] -> P-198 | AO95: =A95&"/"&J95 -> T-073201-1/05-CV-0001 | AP95: =Tabela1[[#This Row],[TAG]]&Tabela1[[#This Row],[PEDIDO]]&Tabela1[[#This Row],[PRODUTO]] -> 05-CV-0001P-198ESTRUTURA | AQ95: =Tabela1[[#This Row],[PRODUTO]]&Tabela1[[#This Row],[TAG]] -> ESTRUTURA05-CV-0001 | AR95: =Tabela1[[#This Row],[PEDIDO]]&Tabela1[[#This Row],[PRODUTO]] -> P-198ESTRUTURA | AS95: =IF(AF95="",0,IF(ISTEXT(AF95),H95*VALUE(SUBSTITUTE(AF95,"%",""))/100,H95*AF95))-Tabela1[[#This Row],[PRONTO ACABADO2]] -> 0 | AT95: =IF(AG95="",0,IF(ISTEXT(AG95),H95*VALUE(SUBSTITUTE(AG95,"%",""))/100,H95*AG95))-Tabela1[[#This Row],[PESO EXPEDIDO2]] -> 0 | AU95: =IF(AH95="",0,IF(ISTEXT(AH95),H95*VALUE(SUBSTITUTE(AH95,"%",""))/100,H95*AH95)) -> 0 | AV95: =IF(AG95="",0,IF(ISTEXT(AG95),H95*VALUE(SUBSTITUTE(AG95,"%",""))/100,H95*AG95)) -> 0
A96: T-073201-1 | B96: MI-D-148-ME-DF-0030 | C96: 84 | D96: GUIA DE MATERIAL CHAPA DE REVESTIMENTO 73201-G | E96: 3793 | F96: 25 | G96: 0.9 | H96: =Tabela1[[#This Row],[PESO UNI]]*Tabela1[[#This Row],[QTE]] -> 75.6 | I96: 2- 09/07/2026 | J96: 05-CV-0001 | K96: ESTRUTURA | L96: P-198 | M96: 46188 | N96: MDE | Q96: =Tabela1[[#This Row],[QTDE/ Fabricação]]-Tabela1[[#This Row],[QTE]] -> -84 | R96: =IFERROR(H96*((AA96*0.25)+(AC96*0.25)+(AD96*0.225)+(AE96*0.225)+(AF96*0.05)),"") -> 75.6 | S96: =IFERROR(H96*AG96,"") -> 75.6 | T96: =IFERROR(S96-H96,"") -> 0 | U96: =IFERROR(SUMIF('LISTA DE EMBARQUE'!B:B,MICRO!E:E,'LISTA DE EMBARQUE'!G:G),"") -> 0 | V96: =IFERROR(VLOOKUP(Tabela1[[#This Row],[COD.MDE]],'LISTA DE EMBARQUE'!B:L,11,0),"") | W96: =IFERROR(COUNTIF(#REF!,Tabela1[[#This Row],[Colunas5]]),"") | X96: =Tabela1[[#This Row],[QIANTIDADE EXPEDIDA]]*Tabela1[[#This Row],[PESO UNI]] -> 0 | Y96: =U96-C96 -> -84 | Z96: =Tabela1[[#This Row],[PESO TOTAL]]-Tabela1[[#This Row],[Peso Expedido]] -> 75.6 | AA96: 1 | AC96: 1 | AD96: 1 | AE96: 1 | AF96: 1 | AG96: 1 | AI96: =IF(Z96<=0,"ok","") | AK96: =Tabela1[[#This Row],[Coluna1]]&Tabela1[[#This Row],[PEDIDO]] -> P-198 | AO96: =A96&"/"&J96 -> T-073201-1/05-CV-0001 | AP96: =Tabela1[[#This Row],[TAG]]&Tabela1[[#This Row],[PEDIDO]]&Tabela1[[#This Row],[PRODUTO]] -> 05-CV-0001P-198ESTRUTURA | AQ96: =Tabela1[[#This Row],[PRODUTO]]&Tabela1[[#This Row],[TAG]] -> ESTRUTURA05-CV-0001 | AR96: =Tabela1[[#This Row],[PEDIDO]]&Tabela1[[#This Row],[PRODUTO]] -> P-198ESTRUTURA | AS96: =IF(AF96="",0,IF(ISTEXT(AF96),H96*VALUE(SUBSTITUTE(AF96,"%",""))/100,H96*AF96))-Tabela1[[#This Row],[PRONTO ACABADO2]] -> 0 | AT96: =IF(AG96="",0,IF(ISTEXT(AG96),H96*VALUE(SUBSTITUTE(AG96,"%",""))/100,H96*AG96))-Tabela1[[#This Row],[PESO EXPEDIDO2]] -> 75.6 | AU96: =IF(AH96="",0,IF(ISTEXT(AH96),H96*VALUE(SUBSTITUTE(AH96,"%",""))/100,H96*AH96)) -> 0 | AV96: =IF(AG96="",0,IF(ISTEXT(AG96),H96*VALUE(SUBSTITUTE(AG96,"%",""))/100,H96*AG96)) -> 75.6
A97: T-073201-1 | B97: MI-D-148-ME-DF-0030 | C97: 1 | D97: GUIA DE MATERIAL TAMPA TRASEIRA 73201-H | E97: 3794 | F97: 25 | G97: 26.3 | H97: =Tabela1[[#This Row],[PESO UNI]]*Tabela1[[#This Row],[QTE]] -> 26.3 | I97: 2- 09/07/2026 | J97: 05-CV-0001 | K97: ESTRUTURA | L97: P-198 | M97: 46188 | N97: MDE | Q97: =Tabela1[[#This Row],[QTDE/ Fabricação]]-Tabela1[[#This Row],[QTE]] -> -1 | R97: =IFERROR(H97*((AA97*0.25)+(AC97*0.25)+(AD97*0.225)+(AE97*0.225)+(AF97*0.05)),"") -> 26.3 | S97: =IFERROR(H97*AG97,"") -> 26.3 | T97: =IFERROR(S97-H97,"") -> 0 | U97: =IFERROR(SUMIF('LISTA DE EMBARQUE'!B:B,MICRO!E:E,'LISTA DE EMBARQUE'!G:G),"") -> 1 | V97: =IFERROR(VLOOKUP(Tabela1[[#This Row],[COD.MDE]],'LISTA DE EMBARQUE'!B:L,11,0),"") -> 3 | W97: =IFERROR(COUNTIF(#REF!,Tabela1[[#This Row],[Colunas5]]),"") | X97: =Tabela1[[#This Row],[QIANTIDADE EXPEDIDA]]*Tabela1[[#This Row],[PESO UNI]] -> 26.3 | Y97: =U97-C97 -> 0 | Z97: =Tabela1[[#This Row],[PESO TOTAL]]-Tabela1[[#This Row],[Peso Expedido]] -> 0 | AA97: 1 | AC97: 1 | AD97: 1 | AE97: 1 | AF97: 1 | AG97: 1 | AH97: 1 | AI97: =IF(Z97<=0,"ok","") -> ok | AK97: =Tabela1[[#This Row],[Coluna1]]&Tabela1[[#This Row],[PEDIDO]] -> P-198 | AO97: =A97&"/"&J97 -> T-073201-1/05-CV-0001 | AP97: =Tabela1[[#This Row],[TAG]]&Tabela1[[#This Row],[PEDIDO]]&Tabela1[[#This Row],[PRODUTO]] -> 05-CV-0001P-198ESTRUTURA | AQ97: =Tabela1[[#This Row],[PRODUTO]]&Tabela1[[#This Row],[TAG]] -> ESTRUTURA05-CV-0001 | AR97: =Tabela1[[#This Row],[PEDIDO]]&Tabela1[[#This Row],[PRODUTO]] -> P-198ESTRUTURA | AS97: =IF(AF97="",0,IF(ISTEXT(AF97),H97*VALUE(SUBSTITUTE(AF97,"%",""))/100,H97*AF97))-Tabela1[[#This Row],[PRONTO ACABADO2]] -> 0 | AT97: =IF(AG97="",0,IF(ISTEXT(AG97),H97*VALUE(SUBSTITUTE(AG97,"%",""))/100,H97*AG97))-Tabela1[[#This Row],[PESO EXPEDIDO2]] -> 0 | AU97: =IF(AH97="",0,IF(ISTEXT(AH97),H97*VALUE(SUBSTITUTE(AH97,"%",""))/100,H97*AH97)) -> 26.3 | AV97: =IF(AG97="",0,IF(ISTEXT(AG97),H97*VALUE(SUBSTITUTE(AG97,"%",""))/100,H97*AG97)) -> 26.3
A98: T-073201-1 | B98: MI-D-148-ME-DF-0030 | C98: 1 | D98: GUIA DE MATERIAL PRENSA BORRACHA 73201-J | E98: 3795 | F98: 25 | G98: 2.4 | H98: =Tabela1[[#This Row],[PESO UNI]]*Tabela1[[#This Row],[QTE]] -> 2.4 | I98: 2- 09/07/2026 | J98: 05-CV-0001 | K98: ESTRUTURA | L98: P-198 | M98: 46188 | N98: MDE | Q98: =Tabela1[[#This Row],[QTDE/ Fabricação]]-Tabela1[[#This Row],[QTE]] -> -1 | R98: =IFERROR(H98*((AA98*0.25)+(AC98*0.25)+(AD98*0.225)+(AE98*0.225)+(AF98*0.05)),"") -> 2.4 | S98: =IFERROR(H98*AG98,"") -> 2.4 | T98: =IFERROR(S98-H98,"") -> 0 | U98: =IFERROR(SUMIF('LISTA DE EMBARQUE'!B:B,MICRO!E:E,'LISTA DE EMBARQUE'!G:G),"") -> 1 | V98: =IFERROR(VLOOKUP(Tabela1[[#This Row],[COD.MDE]],'LISTA DE EMBARQUE'!B:L,11,0),"") -> 6 | W98: =IFERROR(COUNTIF(#REF!,Tabela1[[#This Row],[Colunas5]]),"") | X98: =Tabela1[[#This Row],[QIANTIDADE EXPEDIDA]]*Tabela1[[#This Row],[PESO UNI]] -> 2.4 | Y98: =U98-C98 -> 0 | Z98: =Tabela1[[#This Row],[PESO TOTAL]]-Tabela1[[#This Row],[Peso Expedido]] -> 0 | AA98: 1 | AC98: 1 | AD98: 1 | AE98: 1 | AF98: 1 | AG98: 1 | AH98: 1 | AI98: =IF(Z98<=0,"ok","") -> ok | AK98: =Tabela1[[#This Row],[Coluna1]]&Tabela1[[#This Row],[PEDIDO]] -> P-198 | AO98: =A98&"/"&J98 -> T-073201-1/05-CV-0001 | AP98: =Tabela1[[#This Row],[TAG]]&Tabela1[[#This Row],[PEDIDO]]&Tabela1[[#This Row],[PRODUTO]] -> 05-CV-0001P-198ESTRUTURA | AQ98: =Tabela1[[#This Row],[PRODUTO]]&Tabela1[[#This Row],[TAG]] -> ESTRUTURA05-CV-0001 | AR98: =Tabela1[[#This Row],[PEDIDO]]&Tabela1[[#This Row],[PRODUTO]] -> P-198ESTRUTURA | AS98: =IF(AF98="",0,IF(ISTEXT(AF98),H98*VALUE(SUBSTITUTE(AF98,"%",""))/100,H98*AF98))-Tabela1[[#This Row],[PRONTO ACABADO2]] -> 0 | AT98: =IF(AG98="",0,IF(ISTEXT(AG98),H98*VALUE(SUBSTITUTE(AG98,"%",""))/100,H98*AG98))-Tabela1[[#This Row],[PESO EXPEDIDO2]] -> 0 | AU98: =IF(AH98="",0,IF(ISTEXT(AH98),H98*VALUE(SUBSTITUTE(AH98,"%",""))/100,H98*AH98)) -> 2.4 | AV98: =IF(AG98="",0,IF(ISTEXT(AG98),H98*VALUE(SUBSTITUTE(AG98,"%",""))/100,H98*AG98)) -> 2.4
A99: T-073201-1 | B99: MI-D-148-ME-DF-0030 | C99: 1 | D99: GUIA DE MATERIAL BORRACHA 73201-K | E99: 3796 | F99: 25 | G99: 2.2 | H99: =Tabela1[[#This Row],[PESO UNI]]*Tabela1[[#This Row],[QTE]] -> 2.2 | I99: 2- 09/07/2026 | J99: 05-CV-0001 | K99: ESTRUTURA | L99: P-198 | M99: 46188 | N99: MDE | Q99: =Tabela1[[#This Row],[QTDE/ Fabricação]]-Tabela1[[#This Row],[QTE]] -> -1 | R99: =IFERROR(H99*((AA99*0.25)+(AC99*0.25)+(AD99*0.225)+(AE99*0.225)+(AF99*0.05)),"") -> 1.3475 | S99: =IFERROR(H99*AG99,"") -> 0 | T99: =IFERROR(S99-H99,"") -> -2.2 | U99: =IFERROR(SUMIF('LISTA DE EMBARQUE'!B:B,MICRO!E:E,'LISTA DE EMBARQUE'!G:G),"") -> 0 | V99: =IFERROR(VLOOKUP(Tabela1[[#This Row],[COD.MDE]],'LISTA DE EMBARQUE'!B:L,11,0),"") | W99: =IFERROR(COUNTIF(#REF!,Tabela1[[#This Row],[Colunas5]]),"") | X99: =Tabela1[[#This Row],[QIANTIDADE EXPEDIDA]]*Tabela1[[#This Row],[PESO UNI]] -> 0 | Y99: =U99-C99 -> -1 | Z99: =Tabela1[[#This Row],[PESO TOTAL]]-Tabela1[[#This Row],[Peso Expedido]] -> 2.2 | AA99: 1 | AC99: 1 | AD99: 0.5 | AI99: =IF(Z99<=0,"ok","") | AK99: =Tabela1[[#This Row],[Coluna1]]&Tabela1[[#This Row],[PEDIDO]] -> P-198 | AO99: =A99&"/"&J99 -> T-073201-1/05-CV-0001 | AP99: =Tabela1[[#This Row],[TAG]]&Tabela1[[#This Row],[PEDIDO]]&Tabela1[[#This Row],[PRODUTO]] -> 05-CV-0001P-198ESTRUTURA | AQ99: =Tabela1[[#This Row],[PRODUTO]]&Tabela1[[#This Row],[TAG]] -> ESTRUTURA05-CV-0001 | AR99: =Tabela1[[#This Row],[PEDIDO]]&Tabela1[[#This Row],[PRODUTO]] -> P-198ESTRUTURA | AS99: =IF(AF99="",0,IF(ISTEXT(AF99),H99*VALUE(SUBSTITUTE(AF99,"%",""))/100,H99*AF99))-Tabela1[[#This Row],[PRONTO ACABADO2]] -> 0 | AT99: =IF(AG99="",0,IF(ISTEXT(AG99),H99*VALUE(SUBSTITUTE(AG99,"%",""))/100,H99*AG99))-Tabela1[[#This Row],[PESO EXPEDIDO2]] -> 0 | AU99: =IF(AH99="",0,IF(ISTEXT(AH99),H99*VALUE(SUBSTITUTE(AH99,"%",""))/100,H99*AH99)) -> 0 | AV99: =IF(AG99="",0,IF(ISTEXT(AG99),H99*VALUE(SUBSTITUTE(AG99,"%",""))/100,H99*AG99)) -> 0
A100: T-073201-1 | B100: MI-D-148-ME-DF-0030 | C100: 2 | D100: GUIA DE MATERIAL 73201-L | E100: 3797 | F100: 25 | G100: 1.2 | H100: =Tabela1[[#This Row],[PESO UNI]]*Tabela1[[#This Row],[QTE]] -> 2.4 | I100: 2- 09/07/2026 | J100: 05-CV-0001 | K100: ESTRUTURA | L100: P-198 | M100: 46188 | N100: MDE | Q100: =Tabela1[[#This Row],[QTDE/ Fabricação]]-Tabela1[[#This Row],[QTE]] -> -2 | R100: =IFERROR(H100*((AA100*0.25)+(AC100*0.25)+(AD100*0.225)+(AE100*0.225)+(AF100*0.05)),"") -> 2.4 | S100: =IFERROR(H100*AG100,"") -> 2.4 | T100: =IFERROR(S100-H100,"") -> 0 | U100: =IFERROR(SUMIF('LISTA DE EMBARQUE'!B:B,MICRO!E:E,'LISTA DE EMBARQUE'!G:G),"") -> 0 | V100: =IFERROR(VLOOKUP(Tabela1[[#This Row],[COD.MDE]],'LISTA DE EMBARQUE'!B:L,11,0),"") | W100: =IFERROR(COUNTIF(#REF!,Tabela1[[#This Row],[Colunas5]]),"") | X100: =Tabela1[[#This Row],[QIANTIDADE EXPEDIDA]]*Tabela1[[#This Row],[PESO UNI]] -> 0 | Y100: =U100-C100 -> -2 | Z100: =Tabela1[[#This Row],[PESO TOTAL]]-Tabela1[[#This Row],[Peso Expedido]] -> 2.4 | AA100: 1 | AC100: 1 | AD100: 1 | AE100: 1 | AF100: 1 | AG100: 1 | AI100: =IF(Z100<=0,"ok","") | AK100: =Tabela1[[#This Row],[Coluna1]]&Tabela1[[#This Row],[PEDIDO]] -> P-198 | AO100: =A100&"/"&J100 -> T-073201-1/05-CV-0001 | AP100: =Tabela1[[#This Row],[TAG]]&Tabela1[[#This Row],[PEDIDO]]&Tabela1[[#This Row],[PRODUTO]] -> 05-CV-0001P-198ESTRUTURA | AQ100: =Tabela1[[#This Row],[PRODUTO]]&Tabela1[[#This Row],[TAG]] -> ESTRUTURA05-CV-0001 | AR100: =Tabela1[[#This Row],[PEDIDO]]&Tabela1[[#This Row],[PRODUTO]] -> P-198ESTRUTURA | AS100: =IF(AF100="",0,IF(ISTEXT(AF100),H100*VALUE(SUBSTITUTE(AF100,"%",""))/100,H100*AF100))-Tabela1[[#This Row],[PRONTO ACABADO2]] -> 0 | AT100: =IF(AG100="",0,IF(ISTEXT(AG100),H100*VALUE(SUBSTITUTE(AG100,"%",""))/100,H100*AG100))-Tabela1[[#This Row],[PESO EXPEDIDO2]] -> 2.4 | AU100: =IF(AH100="",0,IF(ISTEXT(AH100),H100*VALUE(SUBSTITUTE(AH100,"%",""))/100,H100*AH100)) -> 0 | AV100: =IF(AG100="",0,IF(ISTEXT(AG100),H100*VALUE(SUBSTITUTE(AG100,"%",""))/100,H100*AG100)) -> 2.4
...

Sheet CLIENTE
A1: PEDIDO | B1: EQUIPAMENTO | C1: DATA PREVISTA | D1: DATA REPROGRAMADA | E1: Observação | F1: CLIENTE
A2: 188 | B2: TRANSPORTADOR DE CORREIA 42" X 35,17m | C2: 46188 | D2: 46261 | E2: ENTREGUE | F2: AURA MINERALS
A3: 190 | B3: PONTE ROLANTE | C3: 46205 | E3: ENTREGUE | F3: AURA
A4: 198 | B4: TRANSPORTADOR E ALIMENTADOR DE CORREIA | C4: 46387 | E4: EM PROCESSO DE FABRICAÇÃO | F4: SERRA VERDE
A5: 200 | B5: SAPATA METÁLICA (10X) | C5: 46219 | E5: ENTREGUE | F5: ANGLO
A6: 201 | B6: TAMBOR DE DESVIO (1X) | C6: 46198 | E6: ENTREGUE | F6: VALE OURILÂNDIA
A7: 202 | B7: ROLO RETORNO (4X) ROLO GUIA (4X) ROLO PROTEÇÃO (4X) ROLO CARGA (30X) ROLO IMPACTO (12X) | C7: 46198 | E7: ENTREGUE | F7: NEXA
A8: 203 | B8: ROLO DE IMPACTO (5X) | C8: 46202 | D8: 46231 | E8: ENTREGUE | F8: CARAIBA
A9: 204 | B9: ROLO DE IMPACTO (30X) | C9: 46226 | E9: Liberado para expedição | F9: CARAIBA
A10: 205 | B10: BASE AUTO ALINHANTE (3X) | C10: 46235 | E10: LIBERADO PARA EXPEDIÇÃO | F10: VALE
A11: 207 | B11: TRANSPORTADOR FREET | C11: 46336 | F11: AMG BRASIL S.A.
A12: 208 | B12: ROLOS DE IMPACTO (6X) ROLOS DE CARGA (6X) | C12: 46233 | D12: 46265 | E12: ENTREGUE | F12: ERO CARAIBA
A13: 209 | B13: ROLDANAS (4X) | C13: 46280 | E13: ENTREGUE | F13: VALE
A14: 898 | B14: ROLO CARGA (53X) ROLO GUIA (18X) BASE AUTO ALINHANTE DE RETORNO (7X) BASE AUTO ALINHANTE DE CARGA (6X) BASE P/ ROLO DE CARGA (23X) BASE DE RETORNO (14x) BASE P/ ROLO DE IMPACTO (8x) | C14: 46270 | E14: ENTREGUE | F14: YARA
A15: 897 | B15: ROLOS DE CARGA 30x | C15: 46216 | E15: ENTREGUE | F15: EQUINOX
A16: 210 | B16: RODEIRO LIVRE | C16: 46308 | E16: ENTREGUE | F16: VALE OURILÂNDIA
A17: 211 | B17: TAMBOR DE DESVIO (1X) | C17: 46308 | D17: 46325 | E17: EM PROCESSO DE FABRICAÇÃO | F17: LUNDIN MINING
A18: 212 | B18: TRANSPORTADOR FREET | C18: 46251 | E18: ENTREGUE | F18: EXPOSIBRAM 2026
A19: 133 | B19: 2 ROLOS | C19: 46249 | E19: Entregue | F19: NEW WAVE
A20: 899 | B20: 2 ROLOS | C20: 46270 | E20: Entregue | F20: YARA
A21: 214 | B21: 6 ROLOS CARGA 10 ROLOS DE IMPACTO 4 ROLOS DE RETORNO LISO | C21: 46268 | E21: Entregue | F21: MATEC
A22: 900 | B22: 10 ROLO DE IMPACTO | C22: 46277 | E22: Entregue | F22: YARA
A23: 206 | B23: 126 ALIMENTADOR DE SAPAT AM18 6 ALIMENTADOR DE SAPATA AM1865 2 ALIMENTADOR DE SAPATA AM1865 - APOIO EXTERNO 1 ALIMENTADOR DE SAPATAS AM1865 - MÓDULO DE ACIONAMENTO 1 ALIMENTADOR DE SAPATAS AM1865 - MÓDULO DE ESTICAMENTO 6 ALIMENTADOR DE SAPATAS AM1865 - MÓDULO INTERMEDÍARIO 64 ALIMENTADORES METÁLICOS 1 ALIMENTADOR DE SAPATAS AM1865 - MÓDULO INTERMEDIÁRIO 3 ALIMENTADOR METÁLICO AM1865 - TRILHO DE IMPACTO 252 REVESTIMENTO DA SAPATA | E23: Em processo de fabricação | F23: VALE ALEGRIA
A24: 216 | B24: ROLO DE CARGA 40x | C24: 46288 | E24: Entregue | F24: ERO
A25: 217 | B25: 30x ROLOS IMPACTO | C25: 46295 | E25: Entregue | F25: ERO
A26: 215 | B26: REFORÇO | C26: 46295 | E26: Entregue | F26: BOSTON METAL
A27: 218 | B27: Correia | C27: 46290 | D27: 46321 | E27: Em processo de compra SC: 2088 | F27: ERO CARAIBA
A28: 213 | B28: CAIXA DE MANCAL - HSBP 32 - FCM | C28: 46278 | E28: Entregue | F28: SIGMA
A29: 219 | B29: 1x TAMBOR DE ACIONAMENTO | C29: 46348 | E29: Em Processo de compra | F29: VALE
A30: 220 | B30: 1x TAMBOR DE ACIONAMENTO | C30: 46348 | E30: Em Processo de compra | F30: VALE
A31: 221 | B31: 1x TAMBOR DE ACIONAMENTO | C31: 46348 | E31: Em Processo de compra | F31: VALE
A32: 222 | B32: 1x TAMBOR LIVRE | C32: 46348 | E32: Em Processo de compra | F32: VALE
A33: 223 | B33: 1x TAMBOR LIVRE | C33: 46348 | E33: Em Processo de compra | F33: VALE
A34: 901 | B34: 21x ROLO CARGA SPIRAFLEX | C34: 46314 | E34: Em Processo de compra | F34: YARA
A35: 902 | B35: 8X ROLO GUIA | C35: 46314 | E35: Em Processo de compra | F35: YARA
A36: 903 | B36: 40X ROLO CARGA | C36: 46339 | E36: Em Processo de compra | F36: CMOC
A37: 904 | B37: 10X ROLO GUIA | C37: 46320 | E37: Em Processo de compra | F37: SAMARCO
A38: 905 | B38: 10X ROLO IMPACTO | C38: 46335 | E38: Em Processo de compra | F38: YARA
A39: 906 | B39: 2X ROLO IMPACTO | C39: 46338 | E39: Em Processo de compra | F39: YARA
A40: 907 | B40: 20X ROLO CARGA | C40: 46357 | E40: Em Processo de compra | F40: CMOC

Sheet MACRO
C2: #VALUE! | E2: PERFORMANCE FABRIÇÃO MDE - POR PEDIDO | U2: DATA | V2: 46206
C4: CLIENTE | D4: PEDIDO | E4: DESCRIÇÃO | F4: PRAZO PREVISTO | G4: PRZO REPROGRAMADO | H4: OBSERVAÇÃO | I4: ETAPAS | J4: ESTRUTURA | K4: USINAGEM | L4: TAMBOR | M4: ROLOS | N4: BASES ROLETES | O4: REVESTIMENTO | P4: RMF | Q4: RMF BASES | R4: TECMETAL | S4: CONHECIMENTO | T4: PESO TOTAL | U4: ENTREGUE % | V4: EXPEDIDO kg
